,combined_column,padded_combined_column
0,ATAGGAGGGCCATGATG,ATAGGAGGGCCATGATG00000000
1,GAAGGAGATGTTCTACAATG,GAAGGAGATGTTCTACAATG00000
2,GAAGGAAGGACCAACATG,GAAGGAAGGACCAACATG0000000
3,AAAGGTAAGCCCGTCATG,AAAGGTAAGCCCGTCATG0000000
4,ACAGGACGAACTCCCGATG,ACAGGACGAACTCCCGATG000000
5,GATGGAGGATTGGGCCTATG,GATGGAGGATTGGGCCTATG00000
6,AAAGGACAAGAACCATG,AAAGGACAAGAACCATG00000000
7,AGAGGAAAGAAGGACATCATG,AGAGGAAAGAAGGACATCATG0000
8,AAAGGAAACCCGATG,AAAGGAAACCCGATG0000000000
9,GAAGGAGTACACGATG,GAAGGAGTACACGATG000000000
10,GGGGGACGGAAAGGGAAATCCCATG,GGGGGACGGAAAGGGAAATCCCATG
11,GAAGGAGCGAAAAGGAAATG,GAAGGAGCGAAAAGGAAATG00000
12,AAGGGACCCGATGAATG,AAGGGACCCGATGAATG00000000
13,TATGGAGGGGATTCCGCGACATG,TATGGAGGGGATTCCGCGACATG00
14,GAAGGAAGAGCATCATG,GAAGGAAGAGCATCATG00000000
15,ACCGGAGAAGCACAATG,ACCGGAGAAGCACAATG00000000
16,TCGGGAGGTTTTCGATG,TCGGGAGGTTTTCGATG00000000
17,CAAGGAGATCGCTTGCGATG,CAAGGAGATCGCTTGCGATG00000
18,CGAGGAGAGAGACATG,CGAGGAGAGAGACATG000000000
19,GGAGGAAAATCAGCGATG,GGAGGAAAATCAGCGATG0000000
20,AAAGGAGAACCGCGATG,AAAGGAGAACCGCGATG00000000
21,CAAGGAGAAGACGCGACATG,CAAGGAGAAGACGCGACATG00000
22,ACCGGAAAGCGCGCATG,ACCGGAAAGCGCGCATG00000000
23,AAGGGAAGGCAGACATG,AAGGGAAGGCAGACATG00000000
24,ACAGGTGACGGGCCTGATG,ACAGGTGACGGGCCTGATG000000
25,CAAGGATAAGAGAAATG,CAAGGATAAGAGAAATG00000000
26,CACGGAATGAGTTCATG,CACGGAATGAGTTCATG00000000
27,GAAGGAGAAGGGACATGAGCATG,GAAGGAGAAGGGACATGAGCATG00
28,CATGGAGTTCCCGATATG,CATGGAGTTCCCGATATG0000000
29,CGGGGAAGAACAGGATG,CGGGGAAGAACAGGATG00000000
30,CAAGGAGTACTGAATTG,CAAGGAGTACTGAATTG00000000
31,AAAGGACTGAAGTGATG,AAAGGACTGAAGTGATG00000000
32,AAGGGAACGATGCGATG,AAGGGAACGATGCGATG00000000
33,CTGGGAGATTTCTCATG,CTGGGAGATTTCTCATG00000000
34,AGGGGAAAGAAAAACCATG,AGGGGAAAGAAAAACCATG000000
35,ATAGGAGATTCCCGATG,ATAGGAGATTCCCGATG00000000
36,CAAGGAAAAGAACGGAAAAATG,CAAGGAAAAGAACGGAAAAATG000
37,GAAGGAATAAACGATG,GAAGGAATAAACGATG000000000
38,AAAGGAGACACAGGTGCCATG,AAAGGAGACACAGGTGCCATG0000
39,AGGGGAAAACGCGCCATG,AGGGGAAAACGCGCCATG0000000
40,GAAGGACAGATGAGGCATG,GAAGGACAGATGAGGCATG000000
41,AGAGGTAAGACAAATG,AGAGGTAAGACAAATG000000000
42,CAGGGAGAAGATCATG,CAGGGAGAAGATCATG000000000
43,AGAGGATAGAACCATG,AGAGGATAGAACCATG000000000
44,AAGGGAAAGTGCTGTGATG,AAGGGAAAGTGCTGTGATG000000
45,AAGGGAGGGAAGGCTTTG,AAGGGAGGGAAGGCTTTG0000000
46,CAAGGATGAACACGATG,CAAGGATGAACACGATG00000000
47,CCCGGAGGATCCCGGCATG,CCCGGAGGATCCCGGCATG000000
48,AAAGGAAACCCGCATG,AAAGGAAACCCGCATG000000000
49,AAAGGAAATTTCCGCATG,AAAGGAAATTTCCGCATG0000000
50,CATGGAGAAGGGTTCCTGATG,CATGGAGAAGGGTTCCTGATG0000
51,GAGGGAGCTTCCCCATG,GAGGGAGCTTCCCCATG00000000
52,TAAGGAGCGAACATCATG,TAAGGAGCGAACATCATG0000000
53,AGAGGAGGCTGACATG,AGAGGAGGCTGACATG000000000
54,ACAGGAGACCCCCGATG,ACAGGAGACCCCCGATG00000000
55,GAAGGAGCCAGAACATG,GAAGGAGCCAGAACATG00000000
56,CAGGGACAGAGGATTAGGCGATG,CAGGGACAGAGGATTAGGCGATG00
57,AAAGGAGAAAGGGCGCCAGACATG,AAAGGAGAAAGGGCGCCAGACATG0
58,AGGGGAGGACCAAGATG,AGGGGAGGACCAAGATG00000000
59,ACAGGAGGAAAAGCCTATG,ACAGGAGGAAAAGCCTATG000000
60,GCAGGAGATGATGGACTGATG,GCAGGAGATGATGGACTGATG0000
61,GAGGGAAAGCCTGCCATG,GAGGGAAAGCCTGCCATG0000000
62,GAAGGAGTGTTTATG,GAAGGAGTGTTTATG0000000000
63,TGAGGAGGCCCGGTCCATG,TGAGGAGGCCCGGTCCATG000000
64,CAAGGAATGAAGGATC,CAAGGAATGAAGGATC000000000
65,AAGGGAGCGCAACAACACCATG,AAGGGAGCGCAACAACACCATG000
66,CGGGGAAAGAAAGCGCATG,CGGGGAAAGAAAGCGCATG000000
67,GATGGAAGCCCGTGCATG,GATGGAAGCCCGTGCATG0000000
68,AAGGGAGCATCCATCATG,AAGGGAGCATCCATCATG0000000
69,AGAGGAGGAAAGGGTCGGGATG,AGAGGAGGAAAGGGTCGGGATG000
70,AATGGAGAGCTGACGACATG,AATGGAGAGCTGACGACATG00000
71,GATGGAGGACAATCCAGATG,GATGGAGGACAATCCAGATG00000
72,GAAGGATGGTTTCCATG,GAAGGATGGTTTCCATG00000000
73,ACAGGAGCACCGACATG,ACAGGAGCACCGACATG00000000
74,CGTGGAGGAGGCCGATG,CGTGGAGGAGGCCGATG00000000
75,CGAGGAGGGAAGACCGTCCATG,CGAGGAGGGAAGACCGTCCATG000
76,GGGGGACGAGAGCACATG,GGGGGACGAGAGCACATG0000000
77,GCAGGAGCAGACCCTCTATG,GCAGGAGCAGACCCTCTATG00000
78,GAAGGATAGCCATG,GAAGGATAGCCATG00000000000
79,ATAGGAGTCCAGCGGGATG,ATAGGAGTCCAGCGGGATG000000
80,TATGGAGGAAGGACCTGATG,TATGGAGGAAGGACCTGATG00000
81,ACAGGAGGAGCCCATG,ACAGGAGGAGCCCATG000000000
82,CAAGGAGAACCTATG,CAAGGAGAACCTATG0000000000
83,GATGGAAAGGCTGAGCGAATG,GATGGAAAGGCTGAGCGAATG0000
84,GCAGGAGCCTGCCATG,GCAGGAGCCTGCCATG000000000
85,AAAGGATAAAGCCCATG,AAAGGATAAAGCCCATG00000000
86,TAAGGAGAGCCGCCCGTG,TAAGGAGAGCCGCCCGTG0000000
87,AGGGGAGGCACCCATG,AGGGGAGGCACCCATG000000000
88,GGGGGACAAAGACCATG,GGGGGACAAAGACCATG00000000
89,CGGGGAAAAAGCATG,CGGGGAAAAAGCATG0000000000
90,ACGGGAGAGCCGAAGGCATG,ACGGGAGAGCCGAAGGCATG00000
91,AAAGGAGAAACGTGAATG,AAAGGAGAAACGTGAATG0000000
92,CGCGGAGTGATAGCCGGTTG,CGCGGAGTGATAGCCGGTTG00000
93,GAAGGAGAATCGGCATG,GAAGGAGAATCGGCATG00000000
94,CAAGGAAGACTCCCGATG,CAAGGAAGACTCCCGATG0000000
95,CGCGGAGGGCAGCGATG,CGCGGAGGGCAGCGATG00000000
96,TCAGGAAAAGTTTGACAATG,TCAGGAAAAGTTTGACAATG00000
97,GCAGGATACCCCGCCATG,GCAGGATACCCCGCCATG0000000
98,TAAGGTGAGGAACGCGACATG,TAAGGTGAGGAACGCGACATG0000
99,AGAGGAGATGTGACATG,AGAGGAGATGTGACATG00000000
100,CAAGGAATAGGTCCATG,CAAGGAATAGGTCCATG00000000
101,TTAGGAGAGAGGCACCGGATG,TTAGGAGAGAGGCACCGGATG0000
102,AAAGGACTTAAAGACAATG,AAAGGACTTAAAGACAATG000000
103,AAGGGAGCGAGATCGCCGATG,AAGGGAGCGAGATCGCCGATG0000
104,GGAGGAGAGACTCCATG,GGAGGAGAGACTCCATG00000000
105,AAGGGAAGAGACATG,AAGGGAAGAGACATG0000000000
106,CACGGACGGCAAGATG,CACGGACGGCAAGATG000000000
107,CAAGGATCATCCATG,CAAGGATCATCCATG0000000000
108,AACGGAGCGGCAAATG,AACGGAGCGGCAAATG000000000
109,CAAGGAGCAAGCCATG,CAAGGAGCAAGCCATG000000000
110,GAAGGAATACCTGAATG,GAAGGAATACCTGAATG00000000
111,CAAGGAGCGCACCCATG,CAAGGAGCGCACCCATG00000000
112,AAAGGACGGGCCAGATG,AAAGGACGGGCCAGATG00000000
113,CGAGGAGAAGCCCATG,CGAGGAGAAGCCCATG000000000
114,AAAGGAACCGGCCATG,AAAGGAACCGGCCATG000000000
115,TAAGGAGTGAACACATG,TAAGGAGTGAACACATG00000000
116,GAAGGATTGAGGCGCATG,GAAGGATTGAGGCGCATG0000000
117,CCGGGAGGAAGACCGAATG,CCGGGAGGAAGACCGAATG000000
118,GGCGGAGGATGCCATG,GGCGGAGGATGCCATG000000000
119,AAAGGAGAGTGCGATG,AAAGGAGAGTGCGATG000000000
120,ACAGGAGCGCCGGCAAATG,ACAGGAGCGCCGGCAAATG000000
121,AAAGGAGGACGAAATG,AAAGGAGGACGAAATG000000000
122,AAGGGAAATGAGGAATG,AAGGGAAATGAGGAATG00000000
123,AAAGGAAAGAGTAAGCCTGCGTG,AAAGGAAAGAGTAAGCCTGCGTG00
124,AGGGGAAGAAGCCATG,AGGGGAAGAAGCCATG000000000
125,AGAGGAGAGGCCCTTTATG,AGAGGAGAGGCCCTTTATG000000
126,GAAGGAGAAAAACCCAATG,GAAGGAGAAAAACCCAATG000000
127,AAAGGATCAAATCCGCATG,AAAGGATCAAATCCGCATG000000
128,AAAGGAAAGCTCGGATG,AAAGGAAAGCTCGGATG00000000
129,AACGGAGAGGCAGATG,AACGGAGAGGCAGATG000000000
130,AAGGGAAGGGCATG,AAGGGAAGGGCATG00000000000
131,CAAGGACGAGGATG,CAAGGACGAGGATG00000000000
132,CAAGGACGGCTCCCATG,CAAGGACGGCTCCCATG00000000
133,AACGGAGAACCCCGATG,AACGGAGAACCCCGATG00000000
134,AAAGGATGTAAAGAATG,AAAGGATGTAAAGAATG00000000
135,CAGGGAGGGCCATG,CAGGGAGGGCCATG00000000000
136,CCCGGAGGCACGCCATG,CCCGGAGGCACGCCATG00000000
137,GGGGGAGGGAGATG,GGGGGAGGGAGATG00000000000
138,CAAGGATACAGGCGATG,CAAGGATACAGGCGATG00000000
139,AGAGGAGCACCATG,AGAGGAGCACCATG00000000000
140,CGGGGTGAAAGACAAGATG,CGGGGTGAAAGACAAGATG000000
141,AGAGGAAGAGGGAGCCGAGTCCATG,AGAGGAAGAGGGAGCCGAGTCCATG
142,GCAGGAGCGCCCGCCATG,GCAGGAGCGCCCGCCATG0000000
143,CGAGGAGGTAAACCACGATG,CGAGGAGGTAAACCACGATG00000
144,GCGGGACAACGCCAATG,GCGGGACAACGCCAATG00000000
145,AAGGGAATAGCCGATG,AAGGGAATAGCCGATG000000000
146,AGAGGAGAAGAGCGATG,AGAGGAGAAGAGCGATG00000000
147,GGAGGAGAGCAATG,GGAGGAGAGCAATG00000000000
148,TAAGGAGAGCTGCAACCATG,TAAGGAGAGCTGCAACCATG00000
149,CAAGGAAAGAGATGAAGTCATG,CAAGGAAAGAGATGAAGTCATG000
150,GCCGGAGGAGTGATCGATG,GCCGGAGGAGTGATCGATG000000
151,ATAGGAGAAAGCCATG,ATAGGAGAAAGCCATG000000000
152,CGAGGTGAACGACATG,CGAGGTGAACGACATG000000000
153,CGAGGACAGGATCGGCGTG,CGAGGACAGGATCGGCGTG000000
154,AAAGGAAGAACTCATG,AAAGGAAGAACTCATG000000000
155,GCAGGAGTTCCGCGATG,GCAGGAGTTCCGCGATG00000000
156,AGAGGAGCCCTCTCATG,AGAGGAGCCCTCTCATG00000000
157,GCAGGAGGTATCCGATG,GCAGGAGGTATCCGATG00000000
158,CAGGGAGATCTTCATG,CAGGGAGATCTTCATG000000000
159,GCAGGAGACAAACCCATG,GCAGGAGACAAACCCATG0000000
160,CAAGGAAATTCGATCATG,CAAGGAAATTCGATCATG0000000
161,TAAGGAAACCCCGCCATG,TAAGGAAACCCCGCCATG0000000
162,AGGGGAGAAAGTCATG,AGGGGAGAAAGTCATG000000000
163,AATGGAGGAAGAAGATG,AATGGAGGAAGAAGATG00000000
164,GCCGGAGGGCCGCCTGAATG,GCCGGAGGGCCGCCTGAATG00000
165,AGGGGAAGAGTTTCCATG,AGGGGAAGAGTTTCCATG0000000
166,GAAGGAAAAGAAACATG,GAAGGAAAAGAAACATG00000000
167,AAAGGAAGATCCGGCCATG,AAAGGAAGATCCGGCCATG000000
168,AGAGGACCGCGATG,AGAGGACCGCGATG00000000000
169,AAGGGTAACCCGTG,AAGGGTAACCCGTG00000000000
170,TCAGGAGAGCCAGGGGCATG,TCAGGAGAGCCAGGGGCATG00000
171,CGGGGAAACAAGCATG,CGGGGAAACAAGCATG000000000
172,GGGGGACAACCCCAATG,GGGGGACAACCCCAATG00000000
173,AGAGGAGAAAGCCGAATG,AGAGGAGAAAGCCGAATG0000000
174,GGGGGAAGGACGCCATG,GGGGGAAGGACGCCATG00000000
175,GCAGGAAAAAAGAGTAGAAATTG,GCAGGAAAAAAGAGTAGAAATTG00
176,CAAGGAAAAGATGCGATG,CAAGGAAAAGATGCGATG0000000
177,CAAGGATGAAGGGGTGCATCATG,CAAGGATGAAGGGGTGCATCATG00
178,AAAGGAGATGCCCGATG,AAAGGAGATGCCCGATG00000000
179,GAAGGACGGCTCGCATG,GAAGGACGGCTCGCATG00000000
180,AAAGGAATGCCGCCATG,AAAGGAATGCCGCCATG00000000
181,GAGGGAGAAGGCGAATG,GAGGGAGAAGGCGAATG00000000
182,CGAGGTGAATGATGGCATG,CGAGGTGAATGATGGCATG000000
183,CAGGGAGACGGAACCGAGATG,CAGGGAGACGGAACCGAGATG0000
184,GGCGGAGGTAACCAAATG,GGCGGAGGTAACCAAATG0000000
185,GAAGGTGAAAGGTGCTGCCATG,GAAGGTGAAAGGTGCTGCCATG000
186,CCCGGAGGCCTGATTTG,CCCGGAGGCCTGATTTG00000000
187,AAAGGAGGGCCACCCCGTG,AAAGGAGGGCCACCCCGTG000000
188,CAAGGAGGGGGTTCATG,CAAGGAGGGGGTTCATG00000000
189,CCCGGAAAATCAGGCATG,CCCGGAAAATCAGGCATG0000000
190,CGAGGAGCACACCATG,CGAGGAGCACACCATG000000000
191,CGTGGAGGAAGGATTTCATG,CGTGGAGGAAGGATTTCATG00000
192,CAAGGAGAAACCCGTG,CAAGGAGAAACCCGTG000000000
193,TAAGGAGGACGCCATG,TAAGGAGGACGCCATG000000000
194,AGAGGACAGGAAAAATG,AGAGGACAGGAAAAATG00000000
195,GGCGGAGTAGTTCCATG,GGCGGAGTAGTTCCATG00000000
196,AAGGGATAACGGCTCATG,AAGGGATAACGGCTCATG0000000
197,GCGGGAGACTGACATG,GCGGGAGACTGACATG000000000
198,ACAGGAAAAAGCACCATG,ACAGGAAAAAGCACCATG0000000
199,AGGGGACAATAGGCACATG,AGGGGACAATAGGCACATG000000
200,CGAGGACGATCCCTATG,CGAGGACGATCCCTATG00000000
201,AAAGGACCTATTAGAACATG,AAAGGACCTATTAGAACATG00000
202,GATGGAGAGCCATG,GATGGAGAGCCATG00000000000
203,GAAGGATCGGCATG,GAAGGATCGGCATG00000000000
204,GAAGGACAAGCGCGCATG,GAAGGACAAGCGCGCATG0000000
205,AAAGGACCGATGTTG,AAAGGACCGATGTTG0000000000
206,AATGGAAAACCTCCCATG,AATGGAAAACCTCCCATG0000000
207,GGCGGAGGGAACCCATG,GGCGGAGGGAACCCATG00000000
208,ACAGGAGAACCGCATG,ACAGGAGAACCGCATG000000000
209,AAAGGATAACAGCCATG,AAAGGATAACAGCCATG00000000
210,AACGGAGAGACCACCTGATG,AACGGAGAGACCACCTGATG00000
211,AAAGGACGGGGGAAATTTTG,AAAGGACGGGGGAAATTTTG00000
212,AGAGGACGTAAGGACATCATG,AGAGGACGTAAGGACATCATG0000
213,CAAGGACAGAAATCGATG,CAAGGACAGAAATCGATG0000000
214,AAAGGAGACGCTGACATG,AAAGGAGACGCTGACATG0000000
215,TGGGGAGGGCAAACGCATG,TGGGGAGGGCAAACGCATG000000
216,CGAGGAGCGCAAGGCATG,CGAGGAGCGCAAGGCATG0000000
217,GAAGGAGGACCCCATG,GAAGGAGGACCCCATG000000000
218,AAAGGATAACCAGATG,AAAGGATAACCAGATG000000000
219,CGGGGACAGGGCTGTG,CGGGGACAGGGCTGTG000000000
220,GAGGGACAAACGAGGGAAACATG,GAGGGACAAACGAGGGAAACATG00
221,AACGGAGTAGACGGATG,AACGGAGTAGACGGATG00000000
222,AAAGGACAACAGCATG,AAAGGACAACAGCATG000000000
223,CAAGGAGGGGCCTGCTGTG,CAAGGAGGGGCCTGCTGTG000000
224,AAAGGAGCTAGGGCGATG,AAAGGAGCTAGGGCGATG0000000
225,GCGGGAGGGATGCAGCCATG,GCGGGAGGGATGCAGCCATG00000
226,GAGGGAGCCACGCCATG,GAGGGAGCCACGCCATG00000000
227,AAAGGACAAGCCGATG,AAAGGACAAGCCGATG000000000
228,TAAGGAGAAGTTTCATG,TAAGGAGAAGTTTCATG00000000
229,AAAGGTGTAAAGATG,AAAGGTGTAAAGATG0000000000
230,AACGGAAAAGCCATG,AACGGAAAAGCCATG0000000000
231,CGAGGACTCGAGCGAGATG,CGAGGACTCGAGCGAGATG000000
232,CCGGGAGACCAGCATG,CCGGGAGACCAGCATG000000000
233,GAAGGAAAGAAACATG,GAAGGAAAGAAACATG000000000
234,AAAGGATGGCCAAGGCATG,AAAGGATGGCCAAGGCATG000000
235,GGCGGAGTGTATGATG,GGCGGAGTGTATGATG000000000
236,TAAGGAGAATACCATG,TAAGGAGAATACCATG000000000
237,AACGGACAAAGAAGACAATG,AACGGACAAAGAAGACAATG00000
238,CAAGGAGTGCCGCCATG,CAAGGAGTGCCGCCATG00000000
239,GCAGGAAAGAAGAGAGATG,GCAGGAAAGAAGAGAGATG000000
240,GAAGGACAATGGGCAATG,GAAGGACAATGGGCAATG0000000
241,TGAGGAGGACTGGATCTATATG,TGAGGAGGACTGGATCTATATG000
242,CAAGGAGTCAGCCATG,CAAGGAGTCAGCCATG000000000
243,CAAGGTGTAGGGGCTGAGCGATG,CAAGGTGTAGGGGCTGAGCGATG00
244,GGCGGAGAACAACCATG,GGCGGAGAACAACCATG00000000
245,GAAGGAGAGGATAGATG,GAAGGAGAGGATAGATG00000000
246,ACAGGAAGGAAAACATG,ACAGGAAGGAAAACATG00000000
247,CGAGGAGATCCCCAAAATG,CGAGGAGATCCCCAAAATG000000
248,AGAGGTGAAGCATGATG,AGAGGTGAAGCATGATG00000000
249,GCTGGAAACAAGATCATG,GCTGGAAACAAGATCATG0000000
250,GCTGGAGGGCCTCAATG,GCTGGAGGGCCTCAATG00000000
251,AAAGGAAGCGACAAGACCCGATG,AAAGGAAGCGACAAGACCCGATG00
252,AGGGGAAAGAGTTGATG,AGGGGAAAGAGTTGATG00000000
253,ACAGGATAAGGACATG,ACAGGATAAGGACATG000000000
254,AACGGAGGAGAACGTTTGATG,AACGGAGGAGAACGTTTGATG0000
255,ACCGGAGTGGAACCATG,ACCGGAGTGGAACCATG00000000
256,GAAGGAGACGACCATG,GAAGGAGACGACCATG000000000
257,ACCGGAGAGAGTTGGTTCATG,ACCGGAGAGAGTTGGTTCATG0000
258,AAGGGAGGATGCCGATG,AAGGGAGGATGCCGATG00000000
259,GAAGGAGAGGATCGGCGATG,GAAGGAGAGGATCGGCGATG00000
260,CAAGGATCGCGCCCATG,CAAGGATCGCGCCCATG00000000
261,GCAGGAGGGTGTAATCATG,GCAGGAGGGTGTAATCATG000000
262,AAAGGACGGCGCACATG,AAAGGACGGCGCACATG00000000
263,CAAGGAGGAGCTATCATG,CAAGGAGGAGCTATCATG0000000
264,GAGGGAGGGATATATG,GAGGGAGGGATATATG000000000
265,CAGGGAAAGACGGGCGATG,CAGGGAAAGACGGGCGATG000000
266,GAAGGAGACCCCGAATG,GAAGGAGACCCCGAATG00000000
267,CCGGGTGAGTGGAATG,CCGGGTGAGTGGAATG000000000
268,CAAGGAGACGACAGATG,CAAGGAGACGACAGATG00000000
269,CAAGGAGGAACCGGACATG,CAAGGAGGAACCGGACATG000000
270,CGGGGAAAGGTCGCCTTG,CGGGGAAAGGTCGCCTTG0000000
271,CAAGGACCGGCGCGGCCATG,CAAGGACCGGCGCGGCCATG00000
272,ACTGGAAAAACCGCATG,ACTGGAAAAACCGCATG00000000
273,AGAGGATGAGACGGAATG,AGAGGATGAGACGGAATG0000000
274,GCAGGAGATGAAGATCGGATG,GCAGGAGATGAAGATCGGATG0000
275,CACGGAGGACGCGTGATG,CACGGAGGACGCGTGATG0000000
276,CAAGGAGTAGTGCCATG,CAAGGAGTAGTGCCATG00000000
277,AAAGGAAAACCTATG,AAAGGAAAACCTATG0000000000
278,CCGGGTGACGGCGGATG,CCGGGTGACGGCGGATG00000000
279,AGGGGAACCCATCATCGATG,AGGGGAACCCATCATCGATG00000
280,TCCGGAGTGCCCATG,TCCGGAGTGCCCATG0000000000
281,TAAGGAGGTCCCGATG,TAAGGAGGTCCCGATG000000000
282,GAGGGAGAAGCGACAAAGCATG,GAGGGAGAAGCGACAAAGCATG000
283,TAAGGAGAAGTGACGATG,TAAGGAGAAGTGACGATG0000000
284,CAAGGAGCACGCGCAGCATG,CAAGGAGCACGCGCAGCATG00000
285,CCCGGAAGAGAAAGCATG,CCCGGAAGAGAAAGCATG0000000
286,CAAGGACAGCCTCATCATG,CAAGGACAGCCTCATCATG000000
287,CAAGGAGTGACAGACATG,CAAGGAGTGACAGACATG0000000
288,CAAGGATAACGAAATG,CAAGGATAACGAAATG000000000
289,TCGGGAGTATCGAGAATG,TCGGGAGTATCGAGAATG0000000
290,CAAGGAGAGAGAAATG,CAAGGAGAGAGAAATG000000000
291,AGGGGAACACACTGAAATG,AGGGGAACACACTGAAATG000000
292,GCGGGAGGGATGCGGTG,GCGGGAGGGATGCGGTG00000000
293,GCCGGAGGACCCCCATG,GCCGGAGGACCCCCATG00000000
294,GAAGGAGCAGCCATG,GAAGGAGCAGCCATG0000000000
295,AAGGGAAAGGGTGCATG,AAGGGAAAGGGTGCATG00000000
296,CGGGGAAACTGACATG,CGGGGAAACTGACATG000000000
297,AGAGGAGAACGCTCGTG,AGAGGAGAACGCTCGTG00000000
298,CAGGGAGGTCTGTGGTGGAACATG,CAGGGAGGTCTGTGGTGGAACATG0
299,ACAGGAGAAATATCATG,ACAGGAGAAATATCATG00000000
300,CGAGGACTACCCCGATG,CGAGGACTACCCCGATG00000000
301,AACGGAAGTGATCCGATG,AACGGAAGTGATCCGATG0000000
302,TCAGGAGTAGAATCTGATG,TCAGGAGTAGAATCTGATG000000
303,CAGGGAGAACGTGATCTGATG,CAGGGAGAACGTGATCTGATG0000
304,AGGGGAGAGCAAGCGATGGTG,AGGGGAGAGCAAGCGATGGTG0000
305,CGCGGAGGCGATCATG,CGCGGAGGCGATCATG000000000
306,AAAGGAAAGGATTCACGATG,AAAGGAAAGGATTCACGATG00000
307,ACAGGAGAGAGACGCCATG,ACAGGAGAGAGACGCCATG000000
308,AGAGGAAAAGACCGATG,AGAGGAAAAGACCGATG00000000
309,TAAGGAGACGCGCCGATG,TAAGGAGACGCGCCGATG0000000
310,TGAGGAAACGCTGAATG,TGAGGAAACGCTGAATG00000000
311,ACAGGAGCCTGAAAACATG,ACAGGAGCCTGAAAACATG000000
312,GCCGGAGAAGAAGCATG,GCCGGAGAAGAAGCATG00000000
313,AATGGAGGAAACATCATG,AATGGAGGAAACATCATG0000000
314,AGAGGAACGCTATCATG,AGAGGAACGCTATCATG00000000
315,CGAGGAGGAGGGCCCATG,CGAGGAGGAGGGCCCATG0000000
316,TGGGGAGGAGTAGCATG,TGGGGAGGAGTAGCATG00000000
317,TCAGGAGCATCCGGGCATG,TCAGGAGCATCCGGGCATG000000
318,AAAGGAGTAGATCCATG,AAAGGAGTAGATCCATG00000000
319,ACAGGAGGCCGCAATG,ACAGGAGGCCGCAATG000000000
320,AAGGGAATCGGCCATG,AAGGGAATCGGCCATG000000000
321,ACGGGAAGGCCCCGATG,ACGGGAAGGCCCCGATG00000000
322,CACGGACGAATGAGCATG,CACGGACGAATGAGCATG0000000
323,AGCGGAAGAGGGCCAGATG,AGCGGAAGAGGGCCAGATG000000
324,GCCGGAGGGCAGCGGAATG,GCCGGAGGGCAGCGGAATG000000
325,CAAGGATTGAGCCGTCATG,CAAGGATTGAGCCGTCATG000000
326,CAAGGAGAAGACGACATG,CAAGGAGAAGACGACATG0000000
327,CGGGGAGGATAGAATG,CGGGGAGGATAGAATG000000000
328,ACGGGAGGCAAATG,ACGGGAGGCAAATG00000000000
329,AAAGGAAAAGAGCATG,AAAGGAAAAGAGCATG000000000
330,GAAGGAGACAACCATG,GAAGGAGACAACCATG000000000
331,AGGGGAGGAAACGACATG,AGGGGAGGAAACGACATG0000000
332,GAAGGACGAAACGATG,GAAGGACGAAACGATG000000000
333,CAGGGAGCTGCAGCACCCATG,CAGGGAGCTGCAGCACCCATG0000
334,GAAGGAGAAACGGGATG,GAAGGAGAAACGGGATG00000000
335,AAAGGTAAGCTACCGATG,AAAGGTAAGCTACCGATG0000000
336,GCGGGAGGCGAAACAGATG,GCGGGAGGCGAAACAGATG000000
337,GAAGGATGGCAAACCCATG,GAAGGATGGCAAACCCATG000000
338,TGAGGAAGGTCGGATGATG,TGAGGAAGGTCGGATGATG000000
339,GGGGGACGAAATAGATG,GGGGGACGAAATAGATG00000000
340,GAGGGAACAGCCAGATTG,GAGGGAACAGCCAGATTG0000000
341,AGAGGAATTTGCGCCCATG,AGAGGAATTTGCGCCCATG000000
342,ACAGGAAAAAGGACGACCGACATG,ACAGGAAAAAGGACGACCGACATG0
343,GATGGAGCGGGATG,GATGGAGCGGGATG00000000000
344,AAAGGAGTATTGCTGTG,AAAGGAGTATTGCTGTG00000000
345,TGCGGAGGTGCCGCCATG,TGCGGAGGTGCCGCCATG0000000
346,AAAGGATGAAGGGATG,AAAGGATGAAGGGATG000000000
347,AACGGAAGATGCCTTATG,AACGGAAGATGCCTTATG0000000
348,AAAGGATCGACAAGATG,AAAGGATCGACAAGATG00000000
349,CAGGGAATCCAAAGCGATG,CAGGGAATCCAAAGCGATG000000
350,AAAGGAGTGCAGCGATG,AAAGGAGTGCAGCGATG00000000
351,AGGGGAGAGACAGCATG,AGGGGAGAGACAGCATG00000000
352,AGAGGAACAGAGAACCATG,AGAGGAACAGAGAACCATG000000
353,CAGGGAGGAATGACGATG,CAGGGAGGAATGACGATG0000000
354,GAAGGAGACACCCGATG,GAAGGAGACACCCGATG00000000
355,AAAGGACCAACGGAGGGCAGCGATG,AAAGGACCAACGGAGGGCAGCGATG
356,TGAGGAGACGTCTCATG,TGAGGAGACGTCTCATG00000000
357,CAGGGAAAACGGGCATG,CAGGGAAAACGGGCATG00000000
358,AGAGGAGAACCATG,AGAGGAGAACCATG00000000000
359,ACTGGAGAAAAGCCATG,ACTGGAGAAAAGCCATG00000000
360,CAAGGACCCCGCATG,CAAGGACCCCGCATG0000000000
361,GAGGGACGGTGCCGGCATG,GAGGGACGGTGCCGGCATG000000
362,ACAGGAGATGCAGGACCAGATG,ACAGGAGATGCAGGACCAGATG000
363,GCAGGAGTAGGATCCTTGGATG,GCAGGAGTAGGATCCTTGGATG000
364,CAAGGAATAACCCATG,CAAGGAATAACCCATG000000000
365,GCAGGAGGCAGACCGATG,GCAGGAGGCAGACCGATG0000000
366,TCAGGAGCAGGACGAAAATG,TCAGGAGCAGGACGAAAATG00000
367,GAAGGTGGTTCCGCATG,GAAGGTGGTTCCGCATG00000000
368,ATGGGAGAGACAGGCTATG,ATGGGAGAGACAGGCTATG000000
369,GAAGGAGAGAAGGAATG,GAAGGAGAGAAGGAATG00000000
370,CGAGGAAGGCCGATG,CGAGGAAGGCCGATG0000000000
371,AAAGGAGCTAAGGCCATG,AAAGGAGCTAAGGCCATG0000000
372,AGGGGAAAGCACCTATG,AGGGGAAAGCACCTATG00000000
373,AAGGGAAAGAGCCATG,AAGGGAAAGAGCCATG000000000
374,TGAGGAGAAAGCGACCATG,TGAGGAGAAAGCGACCATG000000
375,GCCGGAAGTGCCCTCTCATG,GCCGGAAGTGCCCTCTCATG00000
376,AATGGAGAAGAGATCATG,AATGGAGAAGAGATCATG0000000
377,CCAGGAGTACGCCAGCCATG,CCAGGAGTACGCCAGCCATG00000
378,AAAGGAAACGCGCGTAATG,AAAGGAAACGCGCGTAATG000000
379,CGAGGAGAAATGATGATG,CGAGGAGAAATGATGATG0000000
380,AGGGGATGCGCGTAAGCCATG,AGGGGATGCGCGTAAGCCATG0000
381,GCAGGAGCTCCGGCCATG,GCAGGAGCTCCGGCCATG0000000
382,TGAGGAGGAGGGACCGCCCATG,TGAGGAGGAGGGACCGCCCATG000
383,AAAGGACGGTCCCCCATG,AAAGGACGGTCCCCCATG0000000
384,GGGGGAGAGAAGCCGGATG,GGGGGAGAGAAGCCGGATG000000
385,CCAGGAGGGAGATG,CCAGGAGGGAGATG00000000000
386,CAAGGAGTCCGAAGGATG,CAAGGAGTCCGAAGGATG0000000
387,ACAGGAGCATGGCCATG,ACAGGAGCATGGCCATG00000000
388,GGCGGAGTAGCCATG,GGCGGAGTAGCCATG0000000000
389,CGCGGAGAGGCAGATG,CGCGGAGAGGCAGATG000000000
390,CCCGGAGATGTCCGATG,CCCGGAGATGTCCGATG00000000
391,GGGGGAGCAGGGTCTGGCGATG,GGGGGAGCAGGGTCTGGCGATG000
392,CAAGGAGAGACCGCCATG,CAAGGAGAGACCGCCATG0000000
393,AGGGGAAGGAAACCATG,AGGGGAAGGAAACCATG00000000
394,AAAGGAGAAAACCGATG,AAAGGAGAAAACCGATG00000000
395,GAAGGACTACCGCCATG,GAAGGACTACCGCCATG00000000
396,GGGGGAGGGATACATG,GGGGGAGGGATACATG000000000
397,AAAGGAGAGAATGTCGCATG,AAAGGAGAGAATGTCGCATG00000
398,CAGGGAGTGACATG,CAGGGAGTGACATG00000000000
399,GAAGGAGGGGTCCGATG,GAAGGAGGGGTCCGATG00000000
400,GGAGGAGAATTACGATG,GGAGGAGAATTACGATG00000000
401,CCCGGAGATGAGCCATG,CCCGGAGATGAGCCATG00000000
402,CGGGGAGGGATGAAATCATG,CGGGGAGGGATGAAATCATG00000
403,TAAGGAAAGCAGGCGTG,TAAGGAAAGCAGGCGTG00000000
404,CCTGGAGAAGGAAATG,CCTGGAGAAGGAAATG000000000
405,TCAGGAGCGCCGGAGCATG,TCAGGAGCGCCGGAGCATG000000
406,GAAGGAATCCTCTGGGATG,GAAGGAATCCTCTGGGATG000000
407,AAAGGAAGGAACCGATG,AAAGGAAGGAACCGATG00000000
408,GAAGGAGCACAGAAAATG,GAAGGAGCACAGAAAATG0000000
409,AAGGGAGAAACTGACGCCATG,AAGGGAGAAACTGACGCCATG0000
410,TCAGGAGCATGGACGATG,TCAGGAGCATGGACGATG0000000
411,AAGGGAGGACTGGATG,AAGGGAGGACTGGATG000000000
412,AAGGGATTAACTGACATG,AAGGGATTAACTGACATG0000000
413,GGAGGAGAACAGGCATG,GGAGGAGAACAGGCATG00000000
414,GAAGGATGACCAACCATG,GAAGGATGACCAACCATG0000000
415,GGGGGAAGTGATCCGCATG,GGGGGAAGTGATCCGCATG000000
416,AAGGGACCGTTCCCATG,AAGGGACCGTTCCCATG00000000
417,GCAGGAGTAGAAGACGCATG,GCAGGAGTAGAAGACGCATG00000
418,GAGGGAGAGTCGCCGATG,GAGGGAGAGTCGCCGATG0000000
419,CCTGGAGGAGAATG,CCTGGAGGAGAATG00000000000
420,CGAGGACAAACCATG,CGAGGACAAACCATG0000000000
421,CTAGGAGACCCGCATCGTG,CTAGGAGACCCGCATCGTG000000
422,CCGGGAAGGAGGCATG,CCGGGAAGGAGGCATG000000000
423,AAGGGAAGTGAATGATG,AAGGGAAGTGAATGATG00000000
424,GCTGGAGTTAGAACATG,GCTGGAGTTAGAACATG00000000
425,GCAGGAGCCCGACATG,GCAGGAGCCCGACATG000000000
426,TGAGGACGATCGAAAATG,TGAGGACGATCGAAAATG0000000
427,AAAGGATCGGCTGAGGGATG,AAAGGATCGGCTGAGGGATG00000
428,TCAGGAGAACCCGATATG,TCAGGAGAACCCGATATG0000000
429,CGAGGAGGGATGTATTGATG,CGAGGAGGGATGTATTGATG00000
430,CGGGGAGGTTATGAAATG,CGGGGAGGTTATGAAATG0000000
431,CCCGGAGGAAGAATCATG,CCCGGAGGAAGAATCATG0000000
432,ACAGGAGACATGTATG,ACAGGAGACATGTATG000000000
433,CAAGGAAACGCCTGGTCGAATG,CAAGGAAACGCCTGGTCGAATG000
434,GCAGGAGCGGGATCTGAGTCATG,GCAGGAGCGGGATCTGAGTCATG00
435,TAAGGAGGAGCCCCATG,TAAGGAGGAGCCCCATG00000000
436,TAAGGAGAGCGGCATG,TAAGGAGAGCGGCATG000000000
437,AAAGGATGAAAGGAACTGGGAATG,AAAGGATGAAAGGAACTGGGAATG0
438,GAGGGAGGGGCGTGAATG,GAGGGAGGGGCGTGAATG0000000
439,AACGGAGAAGGATCATG,AACGGAGAAGGATCATG00000000
440,AAAGGAAGAGGACGCATG,AAAGGAAGAGGACGCATG0000000
441,AAGGGAGAAGGGCCCATG,AAGGGAGAAGGGCCCATG0000000
442,GAAGGAGACCCGCGCCATG,GAAGGAGACCCGCGCCATG000000
443,GAAGGAGTGACAAGCCGTG,GAAGGAGTGACAAGCCGTG000000
444,GCCGGAGGGACAGAAAGCATG,GCCGGAGGGACAGAAAGCATG0000
445,AGCGGAGACTGAGCCGATG,AGCGGAGACTGAGCCGATG000000
446,AGCGGAGCGAGCACCCACGCCATG,AGCGGAGCGAGCACCCACGCCATG0
447,GCAGGAGAATCAACATG,GCAGGAGAATCAACATG00000000
448,AGAGGATAAGGCAGAATG,AGAGGATAAGGCAGAATG0000000
449,TGAGGAGAAGAACATG,TGAGGAGAAGAACATG000000000
450,AAAGGACCATGGCATG,AAAGGACCATGGCATG000000000
451,CAGGGAGAAAGAACATG,CAGGGAGAAAGAACATG00000000
452,TGGGGAGAAAGGCGGATGGAGATG,TGGGGAGAAAGGCGGATGGAGATG0
453,GAGGGAAGAGGCAGATG,GAGGGAAGAGGCAGATG00000000
454,GACGGAGGTTACCCAATG,GACGGAGGTTACCCAATG0000000
455,AAGGGAACCCATGCCGCTGCCATG,AAGGGAACCCATGCCGCTGCCATG0
456,AGCGGAAAATCCGACCATG,AGCGGAAAATCCGACCATG000000
457,GAGGGACGATGCAGCATG,GAGGGACGATGCAGCATG0000000
458,CAGGGAGACGCCTCATG,CAGGGAGACGCCTCATG00000000
459,CAAGGAGAAATTCCATG,CAAGGAGAAATTCCATG00000000
460,CCCGGAGAGCCTGAGATG,CCCGGAGAGCCTGAGATG0000000
461,AAGGGACGACCGATG,AAGGGACGACCGATG0000000000
462,CAGGGAGCAAGGGAATG,CAGGGAGCAAGGGAATG00000000
463,GCAGGAAAAGATCGCATG,GCAGGAAAAGATCGCATG0000000
464,CAGGGAAGCCGATG,CAGGGAAGCCGATG00000000000
465,GGAGGAGGAGCCATG,GGAGGAGGAGCCATG0000000000
466,AGAGGATGAGGGATG,AGAGGATGAGGGATG0000000000
467,GAAGGAAGAAGGATAAGACGATG,GAAGGAAGAAGGATAAGACGATG00
468,ACGGGACTTGGCATAAAATG,ACGGGACTTGGCATAAAATG00000
469,TCAGGAGGGAACATG,TCAGGAGGGAACATG0000000000
470,CAAGGTGGGGATGCGATG,CAAGGTGGGGATGCGATG0000000
471,CGGGGACGGATTATG,CGGGGACGGATTATG0000000000
472,GACGGAGGATGATC,GACGGAGGATGATC00000000000
473,GCAGGAGGACCTGCCATG,GCAGGAGGACCTGCCATG0000000
474,TCTGGAGATTTGCATAATG,TCTGGAGATTTGCATAATG000000
475,GCAGGAGCGACGCAGCATG,GCAGGAGCGACGCAGCATG000000
476,AAAGGAAGGAAAATG,AAAGGAAGGAAAATG0000000000
477,AGAGGAAAAAACGCGTG,AGAGGAAAAAACGCGTG00000000
478,GAGGGACGTGATCCATG,GAGGGACGTGATCCATG00000000
479,GAGGGAGAAGGGCTACTGATG,GAGGGAGAAGGGCTACTGATG0000
480,CAAGGACAAGCCGCTGATG,CAAGGACAAGCCGCTGATG000000
481,CATGGAGGCACGAATG,CATGGAGGCACGAATG000000000
482,AGGGGAGCAGGGGCGCATG,AGGGGAGCAGGGGCGCATG000000
483,CAAGGAAAATACGAGATG,CAAGGAAAATACGAGATG0000000
484,TGAGGAGGACCCCATG,TGAGGAGGACCCCATG000000000
485,ACCGGAGGGGGCCGCCATG,ACCGGAGGGGGCCGCCATG000000
486,GAAGGAACGGACGGCGATG,GAAGGAACGGACGGCGATG000000
487,CCAGGAAAAGACGATCATG,CCAGGAAAAGACGATCATG000000
488,CAGGGAGAAACATG,CAGGGAGAAACATG00000000000
489,AAAGGAACGAGTGATG,AAAGGAACGAGTGATG000000000
490,CCCGGAGGGAGGGCAAGCAATG,CCCGGAGGGAGGGCAAGCAATG000
491,CGAGGAAGAATGAAAACTTTCATG,CGAGGAAGAATGAAAACTTTCATG0
492,CGTGGAGGAGGGAATTTTCAGATG,CGTGGAGGAGGGAATTTTCAGATG0
493,CCAGGAGGGATGCCATG,CCAGGAGGGATGCCATG00000000
494,GAGGGAAGGAATCATG,GAGGGAAGGAATCATG000000000
495,GAAGGAGACGAGCCATG,GAAGGAGACGAGCCATG00000000
496,AAGGGACCGTAAAGACGATG,AAGGGACCGTAAAGACGATG00000
497,ACGGGAGAGGTCGAAATG,ACGGGAGAGGTCGAAATG0000000
498,CATGGAAACAGAACCATG,CATGGAAACAGAACCATG0000000
499,AAGGGAATCCTTCCGATG,AAGGGAATCCTTCCGATG0000000
500,GATGGAGGCCACCATG,GATGGAGGCCACCATG000000000
501,GATGGAAAAGCTTGCACCATG,GATGGAAAAGCTTGCACCATG0000
502,AGCGGAGGATCGCCATG,AGCGGAGGATCGCCATG00000000
503,CGGGGACAGCACACTGATG,CGGGGACAGCACACTGATG000000
504,GAGGGAGTGAGGCCCATG,GAGGGAGTGAGGCCCATG0000000
505,GACGGAGAGCAGCCCAATG,GACGGAGAGCAGCCCAATG000000
506,GACGGAGGGACCGTG,GACGGAGGGACCGTG0000000000
507,GAAGGAAAGGGAACATG,GAAGGAAAGGGAACATG00000000
508,ACAGGAGAAATCCATG,ACAGGAGAAATCCATG000000000
509,GAAGGATACGCCGCATG,GAAGGATACGCCGCATG00000000
510,CAAGGAAGTAAAGCTGAGCCATG,CAAGGAAGTAAAGCTGAGCCATG00
511,GCCGGAAGACGATCCAGTG,GCCGGAAGACGATCCAGTG000000
512,ACGGGAGTAGGGAAGGTCCATG,ACGGGAGTAGGGAAGGTCCATG000
513,AGAGGAGGAGGCGAAGGATG,AGAGGAGGAGGCGAAGGATG00000
514,AAAGGAACTGATTCCATG,AAAGGAACTGATTCCATG0000000
515,GGAGGAGCGCGTCTTTATG,GGAGGAGCGCGTCTTTATG000000
516,AAAGGATGAATGGAATG,AAAGGATGAATGGAATG00000000
517,CGAGGAGAGGGTGGCAGCGATG,CGAGGAGAGGGTGGCAGCGATG000
518,TGAGGAGAGAGCATG,TGAGGAGAGAGCATG0000000000
519,CGGGGAAAGCAATG,CGGGGAAAGCAATG00000000000
520,AAAGGAAAACCGTG,AAAGGAAAACCGTG00000000000
521,AACGGAGCACCGGATG,AACGGAGCACCGGATG000000000
522,GGGGGAGGGGCATCATG,GGGGGAGGGGCATCATG00000000
523,GGGGGAGGGACCAAGCCGGACATG,GGGGGAGGGACCAAGCCGGACATG0
524,CGGGGAAAACCGTCTGATG,CGGGGAAAACCGTCTGATG000000
525,AAAGGTGAACAGACATG,AAAGGTGAACAGACATG00000000
526,CAGGGATGCACGACCCCGATG,CAGGGATGCACGACCCCGATG0000
527,CAAGGAGTACAACTGATG,CAAGGAGTACAACTGATG0000000
528,CAAGGAAAGTCCGCGCATG,CAAGGAAAGTCCGCGCATG000000
529,ACAGGAGGAGCCCGGACATG,ACAGGAGGAGCCCGGACATG00000
530,GCCGGAGAAAGATG,GCCGGAGAAAGATG00000000000
531,CCAGGAAAATCAAACCCGTG,CCAGGAAAATCAAACCCGTG00000
532,CGAGGTGAGCAAGCATG,CGAGGTGAGCAAGCATG00000000
533,GAAGGAGTAAAGCGATG,GAAGGAGTAAAGCGATG00000000
534,GAGGGAATGCGGGCGCATG,GAGGGAATGCGGGCGCATG000000
535,TAGGGAGAGGAAGCCATG,TAGGGAGAGGAAGCCATG0000000
536,CAAGGAACACACCGATG,CAAGGAACACACCGATG00000000
537,TCAGGAGACACATG,TCAGGAGACACATG00000000000
538,TAAGGAGAGGCCCAGACCATG,TAAGGAGAGGCCCAGACCATG0000
539,AAAGGAGGCGGCGCGATG,AAAGGAGGCGGCGCGATG0000000
540,CAAGGATGGAAGCGATG,CAAGGATGGAAGCGATG00000000
541,TCAGGAGGTTCATGGATG,TCAGGAGGTTCATGGATG0000000
542,AAGGGAAGGTAAGCGTCATG,AAGGGAAGGTAAGCGTCATG00000
543,TAAGGAGCAACACGCGCATG,TAAGGAGCAACACGCGCATG00000
544,GAAGGAGAAGACCGATG,GAAGGAGAAGACCGATG00000000
545,GACGGAGAGCCAGAGCATG,GACGGAGAGCCAGAGCATG000000
546,GAGGGTGAGGCAGAGATG,GAGGGTGAGGCAGAGATG0000000
547,GGGGGAGACTGATG,GGGGGAGACTGATG00000000000
548,AATGGAGAACCGCCTTG,AATGGAGAACCGCCTTG00000000
549,ACAGGAGACCAGCCGATG,ACAGGAGACCAGCCGATG0000000
550,GAAGGAGACAGACCCATG,GAAGGAGACAGACCCATG0000000
551,GAGGGACAACAGGCATATG,GAGGGACAACAGGCATATG000000
552,AACGGAGACCCGGACCATG,AACGGAGACCCGGACCATG000000
553,AGGGGAAGACCCCGCATG,AGGGGAAGACCCCGCATG0000000
554,CAGGGAGGGGAACCCCGATG,CAGGGAGGGGAACCCCGATG00000
555,GGAGGATATGATCCCGATG,GGAGGATATGATCCCGATG000000
556,CGGGGAGGGCCCGCCATG,CGGGGAGGGCCCGCCATG0000000
557,AAGGGAGGAGCGAGGCGTCCTGATG,AAGGGAGGAGCGAGGCGTCCTGATG
558,GAGGGAAGGGGGAAGGCCATG,GAGGGAAGGGGGAAGGCCATG0000
559,CGAGGACGCGACATG,CGAGGACGCGACATG0000000000
560,TAGGGAGTTCGATG,TAGGGAGTTCGATG00000000000
561,CAGGGAAAATCGTCACATG,CAGGGAAAATCGTCACATG000000
562,AGAGGATAAGGCAAGATG,AGAGGATAAGGCAAGATG0000000
563,ACAGGACGTAACCCGCGATG,ACAGGACGTAACCCGCGATG00000
564,GGAGGAGGTGGAATG,GGAGGAGGTGGAATG0000000000
565,GAAGGAGAAAGCCGAATG,GAAGGAGAAAGCCGAATG0000000
566,TCAGGAAGAGCAGCATG,TCAGGAAGAGCAGCATG00000000
567,AGAGGACCGGGCATG,AGAGGACCGGGCATG0000000000
568,GGCGGAGCAAAGCATG,GGCGGAGCAAAGCATG000000000
569,GCTGGAGGCCAGCCATG,GCTGGAGGCCAGCCATG00000000
570,CGAGGAGCGCGTGATG,CGAGGAGCGCGTGATG000000000
571,AAGGGAAAAAGGGGGCACGGCGATG,AAGGGAAAAAGGGGGCACGGCGATG
572,TCAGGACGAGGCGATG,TCAGGACGAGGCGATG000000000
573,AGGGGACAACCCACATG,AGGGGACAACCCACATG00000000
574,GCAGGAGGGGGGAGCGTTTCTGATG,GCAGGAGGGGGGAGCGTTTCTGATG
575,GCAGGAAAAAGCGATATG,GCAGGAAAAAGCGATATG0000000
576,CCGGGAAACCGCCGATG,CCGGGAAACCGCCGATG00000000
577,GCAGGAACTTGACCAATG,GCAGGAACTTGACCAATG0000000
578,GCAGGAAATGGGCCGATG,GCAGGAAATGGGCCGATG0000000
579,CGAGGACGAGAGAAACGATG,CGAGGACGAGAGAAACGATG00000
580,CGAGGACCAGACATG,CGAGGACCAGACATG0000000000
581,GAAGGAGTAGACCATG,GAAGGAGTAGACCATG000000000
582,AAGGGAAAAGGCCCATG,AAGGGAAAAGGCCCATG00000000
583,GGAGGAGGGAGGCAGGGATG,GGAGGAGGGAGGCAGGGATG00000
584,AATGGAAGAGGGGCAAGCCATG,AATGGAAGAGGGGCAAGCCATG000
585,AAAGGACAATCCGGGGCGCATG,AAAGGACAATCCGGGGCGCATG000
586,CCCGGAGGCGGACAATG,CCCGGAGGCGGACAATG00000000
587,GCAGGAGAGGATGGTGCTGGTATG,GCAGGAGAGGATGGTGCTGGTATG0
588,AGCGGAGGATGCGATG,AGCGGAGGATGCGATG000000000
589,AAAGGAGCTAAGCCCATG,AAAGGAGCTAAGCCCATG0000000
590,CGCGGAGTGGACCACCATG,CGCGGAGTGGACCACCATG000000
591,CACGGAGCCCCCCGATG,CACGGAGCCCCCCGATG00000000
592,ACGGGAAGCCCGTGATG,ACGGGAAGCCCGTGATG00000000
593,ACAGGACAAGCATG,ACAGGACAAGCATG00000000000
594,AAGGGAGAGCATGATG,AAGGGAGAGCATGATG000000000
595,CGAGGACAAGCCCCATG,CGAGGACAAGCCCCATG00000000
596,GGGGGACGACCATG,GGGGGACGACCATG00000000000
597,CAAGGATCCGCATG,CAAGGATCCGCATG00000000000
598,CAAGGAGACGGACCTGTG,CAAGGAGACGGACCTGTG0000000
599,CCGGGAGTATCCGATG,CCGGGAGTATCCGATG000000000
600,GGGGGACGACGCACCATG,GGGGGACGACGCACCATG0000000
601,GAAGGAGAGCGCAGCCATG,GAAGGAGAGCGCAGCCATG000000
602,GGAGGAGAAATTATG,GGAGGAGAAATTATG0000000000
603,GGAGGAAGAGATATG,GGAGGAAGAGATATG0000000000
604,CAAGGAAAAGGCCCACGCATG,CAAGGAAAAGGCCCACGCATG0000
605,GGGGGACGAGCCCTATG,GGGGGACGAGCCCTATG00000000
606,AGGGGACGACTGAGCCATG,AGGGGACGACTGAGCCATG000000
607,GCGGGACAGACACATG,GCGGGACAGACACATG000000000
608,AAAGGAGCCATGACATG,AAAGGAGCCATGACATG00000000
609,CAAGGATGACTTTCCATG,CAAGGATGACTTTCCATG0000000
610,AAGGGAATGCGCTATG,AAGGGAATGCGCTATG000000000
611,AAAGGTGAAGGATG,AAAGGTGAAGGATG00000000000
612,CAAGGAGGGACAGGGATG,CAAGGAGGGACAGGGATG0000000
613,AACGGAAACCGCCATG,AACGGAAACCGCCATG000000000
614,ATAGGAGAACCGCCATG,ATAGGAGAACCGCCATG00000000
615,GATGGAGCGGCTGAGCCATG,GATGGAGCGGCTGAGCCATG00000
616,GGGGGAACGCAAGAATG,GGGGGAACGCAAGAATG00000000
617,CAAGGAGGAAGGTCATG,CAAGGAGGAAGGTCATG00000000
618,AGGGGACGGGTCGAATG,AGGGGACGGGTCGAATG00000000
619,AGAGGATAAACACCATG,AGAGGATAAACACCATG00000000
620,AAGGGAGTGGCGCAGCCATG,AAGGGAGTGGCGCAGCCATG00000
621,CCCGGAGCAAGGCAATCCCATG,CCCGGAGCAAGGCAATCCCATG000
622,ACGGGAGATAGCAAAGCTCACCATG,ACGGGAGATAGCAAAGCTCACCATG
623,GGGGGAACGACCGAACCATG,GGGGGAACGACCGAACCATG00000
624,CAAGGAGCGGACATGCCGATG,CAAGGAGCGGACATGCCGATG0000
625,CAAGGAAATTTTACCGATG,CAAGGAAATTTTACCGATG000000
626,AAAGGACGAAACTGAATG,AAAGGACGAAACTGAATG0000000
627,TGAGGAGGGACAGCGCCATG,TGAGGAGGGACAGCGCCATG00000
628,CAAGGAGTCGATTTTCATG,CAAGGAGTCGATTTTCATG000000
629,GGGGGACAACGATG,GGGGGACAACGATG00000000000
630,GACGGAGGGGGACCATCATG,GACGGAGGGGGACCATCATG00000
631,CAGGGAGGCAGGAAATG,CAGGGAGGCAGGAAATG00000000
632,AAGGGAAAGCAACCTGACATG,AAGGGAAAGCAACCTGACATG0000
633,GAAGGAGCACGGTCATG,GAAGGAGCACGGTCATG00000000
634,ACCGGAGACAGGGCGCATG,ACCGGAGACAGGGCGCATG000000
635,AACGGAATTCCATG,AACGGAATTCCATG00000000000
636,TGAGGAGGCGCGGGCCCTTG,TGAGGAGGCGCGGGCCCTTG00000
637,AAAGGATCAAGGCCCCAGCCATG,AAAGGATCAAGGCCCCAGCCATG00
638,ACAGGAGACCGCCGAATG,ACAGGAGACCGCCGAATG0000000
639,ACAGGAGCAGACATG,ACAGGAGCAGACATG0000000000
640,CGGGGAAGAGAGAGTGCGGATG,CGGGGAAGAGAGAGTGCGGATG000
641,GCTGGAGGAAAGAACCATG,GCTGGAGGAAAGAACCATG000000
642,CAAGGAGGTGGCCATG,CAAGGAGGTGGCCATG000000000
643,CGCGGAAGTGACCGTTG,CGCGGAAGTGACCGTTG00000000
644,GGGGGACGATTTCATG,GGGGGACGATTTCATG000000000
645,GCAGGAGTACTGCCATG,GCAGGAGTACTGCCATG00000000
646,TAAGGAGATTCCGATG,TAAGGAGATTCCGATG000000000
647,AAAGGAAGGGATGGGGTAGAAATG,AAAGGAAGGGATGGGGTAGAAATG0
648,ACAGGAAAGAGAGGCAAGAATG,ACAGGAAAGAGAGGCAAGAATG000
649,ACAGGAGCGGAATGATG,ACAGGAGCGGAATGATG00000000
650,AGAGGAGATCGAGCATG,AGAGGAGATCGAGCATG00000000
651,ACCGGAGCGCAACCATG,ACCGGAGCGCAACCATG00000000
652,GGCGGAGTAGGGGAAATG,GGCGGAGTAGGGGAAATG0000000
653,GACGGAAAGATGACGAGAATG,GACGGAAAGATGACGAGAATG0000
654,GAAGGACTTAGGACATG,GAAGGACTTAGGACATG00000000
655,GACGGAGAATGCCCATG,GACGGAGAATGCCCATG00000000
656,AGAGGTGACTGTGACATG,AGAGGTGACTGTGACATG0000000
657,AGAGGAAGGAGGGTTAGGATG,AGAGGAAGGAGGGTTAGGATG0000
658,CGCGGAAGCCTTGAATG,CGCGGAAGCCTTGAATG00000000
659,GGAGGACGGACGAACCATG,GGAGGACGGACGAACCATG000000
660,AAGGGAGACGAAGGCATG,AAGGGAGACGAAGGCATG0000000
661,CAAGGTCAGCCGATG,CAAGGTCAGCCGATG0000000000
662,ACGGGAAAGGGAGCCGGGCGAATG,ACGGGAAAGGGAGCCGGGCGAATG0
663,TCCGGAGAGGAATG,TCCGGAGAGGAATG00000000000
664,GACGGAGGTGATTG,GACGGAGGTGATTG00000000000
665,GGAGGAAAAAAGGCTAAGCCATG,GGAGGAAAAAAGGCTAAGCCATG00
666,AAAGGAGGACATCCCATG,AAAGGAGGACATCCCATG0000000
667,TGAGGAGGCCCGACATG,TGAGGAGGCCCGACATG00000000
668,CGGGGAGAGGATAGCGATG,CGGGGAGAGGATAGCGATG000000
669,GGAGGAGAGGATTG,GGAGGAGAGGATTG00000000000
670,GAAGGAGCCGCGCCCCGTG,GAAGGAGCCGCGCCCCGTG000000
671,TAAGGAGCAACGGCGATG,TAAGGAGCAACGGCGATG0000000
672,GATGGAGAGCTGAGCGATG,GATGGAGAGCTGAGCGATG000000
673,GAAGGAGCAGACCTGATG,GAAGGAGCAGACCTGATG0000000
674,AAAGGAGAATGCCCATG,AAAGGAGAATGCCCATG00000000
675,GGAGGAGGAGGGGGATCGAGATG,GGAGGAGGAGGGGGATCGAGATG00
676,TAAGGAGAAGACCAAAGATG,TAAGGAGAAGACCAAAGATG00000
677,ACAGGAGGGAGAACATG,ACAGGAGGGAGAACATG00000000
678,AAAGGACCACAGACCCATG,AAAGGACCACAGACCCATG000000
679,GCCGGAGAGAAGATATG,GCCGGAGAGAAGATATG00000000
680,AAGGGAGTTCACGCCATG,AAGGGAGTTCACGCCATG0000000
681,GGGGGAAACGAGATG,GGGGGAAACGAGATG0000000000
682,AAAGGACCAGAATTGTG,AAAGGACCAGAATTGTG00000000
683,GAGGGATGGCGCAATG,GAGGGATGGCGCAATG000000000
684,CGAGGATGTGATCCATG,CGAGGATGTGATCCATG00000000
685,AGGGGAAAAGGCCCATG,AGGGGAAAAGGCCCATG00000000
686,CGAGGAGGAAGCATG,CGAGGAGGAAGCATG0000000000
687,AAGGGAGCGCCGCCGCGCATG,AAGGGAGCGCCGCCGCGCATG0000
688,GAAGGAGAGACATG,GAAGGAGAGACATG00000000000
689,GATGGACAGAAGGCCGATG,GATGGACAGAAGGCCGATG000000
690,AGGGGAGGGGCAACCTGTGGTG,AGGGGAGGGGCAACCTGTGGTG000
691,ACAGGAGAGGGAAAATG,ACAGGAGAGGGAAAATG00000000
692,AATGGAGCACGGTGTGATG,AATGGAGCACGGTGTGATG000000
693,AGCGGAGGAGTTGAACATG,AGCGGAGGAGTTGAACATG000000
694,AAAGGATGGCGGGAACGCTG,AAAGGATGGCGGGAACGCTG00000
695,CTGGGAGACGCATATG,CTGGGAGACGCATATG000000000
696,GAGGGAGCTGCGACATG,GAGGGAGCTGCGACATG00000000
697,AGGGGAGGACAGGGACAAACACATG,AGGGGAGGACAGGGACAAACACATG
698,CATGGAGTTCACGCCATG,CATGGAGTTCACGCCATG0000000
699,GCAGGAGGAAAATGATG,GCAGGAGGAAAATGATG00000000
700,CCCGGAGCGAGAGCCGATG,CCCGGAGCGAGAGCCGATG000000
701,ATCGGAGAGCAAGTGATG,ATCGGAGAGCAAGTGATG0000000
702,AACGGAAGGCCGCGGAATG,AACGGAAGGCCGCGGAATG000000
703,GAAGGACCAAGTTTGCCATG,GAAGGACCAAGTTTGCCATG00000
704,AAAGGAGGGCGGAGATG,AAAGGAGGGCGGAGATG00000000
705,CAGGGAGGAGCATG,CAGGGAGGAGCATG00000000000
706,AAAGGAAATGCGAACCATG,AAAGGAAATGCGAACCATG000000
707,TAAGGAAGGACCGGCATG,TAAGGAAGGACCGGCATG0000000
708,AACGGAGAGACTGTCATG,AACGGAGAGACTGTCATG0000000
709,TAAGGACGGAGCTCGGACTATG,TAAGGACGGAGCTCGGACTATG000
710,AGAGGACCGAATAGCAATG,AGAGGACCGAATAGCAATG000000
711,GACGGAGATGAGATG,GACGGAGATGAGATG0000000000
712,CAAGGACCTAGCGCCATG,CAAGGACCTAGCGCCATG0000000
713,GAAGGTGGTCAGATGATG,GAAGGTGGTCAGATGATG0000000
714,AATGGAGGAAGCGCATG,AATGGAGGAAGCGCATG00000000
715,GAAGGAACAATAGCGACATG,GAAGGAACAATAGCGACATG00000
716,CGAGGAACGAGTTTTCATG,CGAGGAACGAGTTTTCATG000000
717,CGGGGAATGAATTGCCATG,CGGGGAATGAATTGCCATG000000
718,GGAGGACGCAGCGAACTTG,GGAGGACGCAGCGAACTTG000000
719,GAAGGAAGATACCCATG,GAAGGAAGATACCCATG00000000
720,CAAGGAGAAAGCGACATG,CAAGGAGAAAGCGACATG0000000
721,GGAGGAGACGAATG,GGAGGAGACGAATG00000000000
722,AAGGGTGAGGCTGATG,AAGGGTGAGGCTGATG000000000
723,GCGGGAGCTGACCATG,GCGGGAGCTGACCATG000000000
724,ACAGGAGCAACTGATG,ACAGGAGCAACTGATG000000000
725,GGGGGAGGGCAGGAATG,GGGGGAGGGCAGGAATG00000000
726,ACAGGAGGAAGCCAGATG,ACAGGAGGAAGCCAGATG0000000
727,ACCGGAGGGGAATCATG,ACCGGAGGGGAATCATG00000000
728,AACGGAGGAGACAATG,AACGGAGGAGACAATG000000000
729,GCAGGACGAGACATG,GCAGGACGAGACATG0000000000
730,GCAGGACCCACGCCAATG,GCAGGACCCACGCCAATG0000000
731,AGAGGAAAAAAAAGATG,AGAGGAAAAAAAAGATG00000000
732,GAAGGAAAAGAACCATG,GAAGGAAAAGAACCATG00000000
733,CCGGGACAAGCATG,CCGGGACAAGCATG00000000000
734,GCCGGAGGAGGCAAACCATG,GCCGGAGGAGGCAAACCATG00000
735,ACAGGAAACCCGCGATG,ACAGGAAACCCGCGATG00000000
736,CAGGGAGTCGGTTCCATG,CAGGGAGTCGGTTCCATG0000000
737,ACGGGAGGGCGCGCGTG,ACGGGAGGGCGCGCGTG00000000
738,AAGGGAAACAAGTCCATG,AAGGGAAACAAGTCCATG0000000
739,ACAGGATGGCCCATCATG,ACAGGATGGCCCATCATG0000000
740,AAGGGAAAGCTGGGGCTAGCGATG,AAGGGAAAGCTGGGGCTAGCGATG0
741,ACAGGAGCACAATG,ACAGGAGCACAATG00000000000
742,GAAGGAAACCAGCATG,GAAGGAAACCAGCATG000000000
743,AGGGGAGGTAAGGCCATG,AGGGGAGGTAAGGCCATG0000000
744,ACAGGAGTCGCGATG,ACAGGAGTCGCGATG0000000000
745,GGTGGAGGTGACGGGGATG,GGTGGAGGTGACGGGGATG000000
746,ACGGGAGGAACGATATG,ACGGGAGGAACGATATG00000000
747,CATGGACGGCGCTGGCATG,CATGGACGGCGCTGGCATG000000
748,AAGGGAAGAAATCATG,AAGGGAAGAAATCATG000000000
749,CGGGGACGGCAGCCGACCGATG,CGGGGACGGCAGCCGACCGATG000
750,AAAGGACAACAGACTTCATG,AAAGGACAACAGACTTCATG00000
751,CCGGGAATCGACGCCCATG,CCGGGAATCGACGCCCATG000000
752,AGGGGATGGCCATG,AGGGGATGGCCATG00000000000
753,GCAGGAGGGGCACGACCATG,GCAGGAGGGGCACGACCATG00000
754,AACGGAGGAGCGCCATG,AACGGAGGAGCGCCATG00000000
755,CAAGGAAGAGGCCGAATTCCATG,CAAGGAAGAGGCCGAATTCCATG00
756,TGAGGAGGGCGCGGGCGACGTG,TGAGGAGGGCGCGGGCGACGTG000
757,CCAGGAAATAAAGACCCGATG,CCAGGAAATAAAGACCCGATG0000
758,AAAGGAACGAACGGGACCATG,AAAGGAACGAACGGGACCATG0000
759,CCCGGAGGCGACGAGACCCATG,CCCGGAGGCGACGAGACCCATG000
760,AAAGGAGAGCCGCAGAATG,AAAGGAGAGCCGCAGAATG000000
761,AAAGGAGGCAAGGATG,AAAGGAGGCAAGGATG000000000
762,AAGGGAGCGGCCGCGATG,AAGGGAGCGGCCGCGATG0000000
763,CGAGGAATTTATGATG,CGAGGAATTTATGATG000000000
764,CATGGAGGATAAGGATCGCCCATG,CATGGAGGATAAGGATCGCCCATG0
765,CAGGGAAGAGCCCCATG,CAGGGAAGAGCCCCATG00000000
766,GGAGGACACATCCCATG,GGAGGACACATCCCATG00000000
767,ACAGGAGGGAATGATG,ACAGGAGGGAATGATG000000000
768,AGGGGATAGAGAATG,AGGGGATAGAGAATG0000000000
769,AAAGGAGAAGCAGGCATG,AAAGGAGAAGCAGGCATG0000000
770,GAAGGAGAGGCCTTTTTGGATG,GAAGGAGAGGCCTTTTTGGATG000
771,CCAGGAGAGTCGTTCCTGTG,CCAGGAGAGTCGTTCCTGTG00000
772,GAGGGAGAGGTGGATCATG,GAGGGAGAGGTGGATCATG000000
773,CGCGGAAGGGGAAAGCCATG,CGCGGAAGGGGAAAGCCATG00000
774,ATAGGAGGGCGCGTCATG,ATAGGAGGGCGCGTCATG0000000
775,GAAGGAAGCAAGGGATG,GAAGGAAGCAAGGGATG00000000
776,ATCGGAGAGAAACCATG,ATCGGAGAGAAACCATG00000000
777,CGCGGAGAGCGCGCATG,CGCGGAGAGCGCGCATG00000000
778,AGGGGAGGAACACGATG,AGGGGAGGAACACGATG00000000
779,GGAGGAGGAAATCATG,GGAGGAGGAAATCATG000000000
780,GCCGGAGAAGTGATTCCATG,GCCGGAGAAGTGATTCCATG00000
781,AAAGGATCGAGTTCATG,AAAGGATCGAGTTCATG00000000
782,TGAGGAGGTGATCCTATG,TGAGGAGGTGATCCTATG0000000
783,GATGGAGGGTCATG,GATGGAGGGTCATG00000000000
784,AAAGGAAAAAGGGCGCATG,AAAGGAAAAAGGGCGCATG000000
785,CCAGGAGAAAACGACCATG,CCAGGAGAAAACGACCATG000000
786,AAAGGAATGCAAGTCATG,AAAGGAATGCAAGTCATG0000000
787,ACAGGATAGTTCTGGCGATG,ACAGGATAGTTCTGGCGATG00000
788,AGCGGAGGAGCGCATCATG,AGCGGAGGAGCGCATCATG000000
789,CAAGGAAACCCATG,CAAGGAAACCCATG00000000000
790,AAGGGAAAGAGGCTCCGATG,AAGGGAAAGAGGCTCCGATG00000
791,GAAGGAACGACCATG,GAAGGAACGACCATG0000000000
792,GAGGGACAAAGGGGGGCGCATG,GAGGGACAAAGGGGGGCGCATG000
793,TCAGGAGGGGCGTTTATCCATG,TCAGGAGGGGCGTTTATCCATG000
794,ACAGGAGAATCCTGCATG,ACAGGAGAATCCTGCATG0000000
795,AAAGGAGGGCCCCGATG,AAAGGAGGGCCCCGATG00000000
796,CGGGGAAATGATCCGAACCATG,CGGGGAAATGATCCGAACCATG000
797,GAGGGACGCCCGACATG,GAGGGACGCCCGACATG00000000
798,AAAGGAATACGCGATG,AAAGGAATACGCGATG000000000
799,AAAGGTGAATAAAGATG,AAAGGTGAATAAAGATG00000000
800,TCAGGAGTTATGTCACCGCCATG,TCAGGAGTTATGTCACCGCCATG00
801,CAAGGAACTTGGGAAAATG,CAAGGAACTTGGGAAAATG000000
802,CACGGAAAGGCAGCCATG,CACGGAAAGGCAGCCATG0000000
803,GCCGGAGTTCCGACATG,GCCGGAGTTCCGACATG00000000
804,GAGGGAGAGAGCAATATG,GAGGGAGAGAGCAATATG0000000
805,AAAGGATTAGCATGCGAATG,AAAGGATTAGCATGCGAATG00000
806,CGAGGTGGGCGCTGAAATG,CGAGGTGGGCGCTGAAATG000000
807,TGGGGAAAAGCCGATG,TGGGGAAAAGCCGATG000000000
808,AACGGAGAGCTGACATG,AACGGAGAGCTGACATG00000000
809,GAAGGAACGATTTCATG,GAAGGAACGATTTCATG00000000
810,GGAGGAGAGCCCATG,GGAGGAGAGCCCATG0000000000
811,AACGGAGGGCATGCATG,AACGGAGGGCATGCATG00000000
812,CCGGGAGCACACGGCCATG,CCGGGAGCACACGGCCATG000000
813,CGCGGAGGTAAGGACGATG,CGCGGAGGTAAGGACGATG000000
814,AAAGGATGGACGACCATG,AAAGGATGGACGACCATG0000000
815,AAAGGACGTTTGTCATG,AAAGGACGTTTGTCATG00000000
816,AAAGGAAAGAATCCATG,AAAGGAAAGAATCCATG00000000
817,AGAGGTGAGACGACCTCTTG,AGAGGTGAGACGACCTCTTG00000
818,GGGGGAAAAAGCCGATG,GGGGGAAAAAGCCGATG00000000
819,CGAGGAGGGAAGCGATCATG,CGAGGAGGGAAGCGATCATG00000
820,GCTGGAGGACCACGATG,GCTGGAGGACCACGATG00000000
821,GAAGGAGAACGATGATG,GAAGGAGAACGATGATG00000000
822,GCAGGAACGAGGGATGACATG,GCAGGAACGAGGGATGACATG0000
823,AATGGAGGGATGAATG,AATGGAGGGATGAATG000000000
824,CAAGGTGACTGCCCATG,CAAGGTGACTGCCCATG00000000
825,AAGGGAAAGAAAGATG,AAGGGAAAGAAAGATG000000000
826,AAGGGAGCCAGATGCGCATG,AAGGGAGCCAGATGCGCATG00000
827,TGAGGAGGTAGCCCATG,TGAGGAGGTAGCCCATG00000000
828,TCGGGAAGGGGGTGGCGGATG,TCGGGAAGGGGGTGGCGGATG0000
829,CAAGGAAAGGATCATG,CAAGGAAAGGATCATG000000000
830,CCGGGAAAACCCGTCATG,CCGGGAAAACCCGTCATG0000000
831,CAGGGAGAGGACGGATG,CAGGGAGAGGACGGATG00000000
832,GCCGGAAATTTCCATG,GCCGGAAATTTCCATG000000000
833,ACAGGAGAAAACCCCATG,ACAGGAGAAAACCCCATG0000000
834,AAGGGAGCAGGAAATG,AAGGGAGCAGGAAATG000000000
835,AGGGGAAAGGGCGTATG,AGGGGAAAGGGCGTATG00000000
836,ACGGGAAAAACCAGCATG,ACGGGAAAAACCAGCATG0000000
837,GACGGAGGGAACCGCGCATG,GACGGAGGGAACCGCGCATG00000
838,GGGGGACGGGGGCGATG,GGGGGACGGGGGCGATG00000000
839,AAGGGAGCCAAGGGGACGGATG,AAGGGAGCCAAGGGGACGGATG000
840,GAGGGAGGAGGCGCCATG,GAGGGAGGAGGCGCCATG0000000
841,GACGGAGAAGAACGATG,GACGGAGAAGAACGATG00000000
842,CGAGGAGGACGAGAGATG,CGAGGAGGACGAGAGATG0000000
843,CAGGGAGTAAGAAGCAATG,CAGGGAGTAAGAAGCAATG000000
844,CAAGGAGTGATTCATG,CAAGGAGTGATTCATG000000000
845,ACAGGAGCGACCCATATG,ACAGGAGCGACCCATATG0000000
846,GTAGGAGAACGCTCTTTG,GTAGGAGAACGCTCTTTG0000000
847,GACGGAGGGGCTGATG,GACGGAGGGGCTGATG000000000
848,CACGGAGAGGCCTGACATG,CACGGAGAGGCCTGACATG000000
849,CGCGGAAAGCGAACCAATG,CGCGGAAAGCGAACCAATG000000
850,GAGGGAGGAGAAACTGTTATG,GAGGGAGGAGAAACTGTTATG0000
851,CCAGGAGCATGGTGGCACTATG,CCAGGAGCATGGTGGCACTATG000
852,AACGGTGAAACAGACATG,AACGGTGAAACAGACATG0000000
853,TAAGGAACTTGTGGGTATG,TAAGGAACTTGTGGGTATG000000
854,GACGGAGAAGCGTAATG,GACGGAGAAGCGTAATG00000000
855,ACAGGAATGACCATG,ACAGGAATGACCATG0000000000
856,GACGGACGCAGACAATG,GACGGACGCAGACAATG00000000
857,GAAGGAGCGTGTGACATG,GAAGGAGCGTGTGACATG0000000
858,GAAGGAGAAAATCCGATG,GAAGGAGAAAATCCGATG0000000
859,CAGGGAACGCCCACCATG,CAGGGAACGCCCACCATG0000000
860,GGAGGAGGGATGAGGACATG,GGAGGAGGGATGAGGACATG00000
861,CAAGGACCGGCACCCATG,CAAGGACCGGCACCCATG0000000
862,CAGGGACGGTACACGTG,CAGGGACGGTACACGTG00000000
863,AGGGGAGGACGCGCGATG,AGGGGAGGACGCGCGATG0000000
864,CCCGGAGCTGACAAAGATG,CCCGGAGCTGACAAAGATG000000
865,TCAGGAGTGCCGAGATG,TCAGGAGTGCCGAGATG00000000
866,CGAGGACAGACGAGATG,CGAGGACAGACGAGATG00000000
867,GGAGGATAGGAACCGGCATG,GGAGGATAGGAACCGGCATG00000
868,CATGGAGAAGAAATCATG,CATGGAGAAGAAATCATG0000000
869,GCAGGAGAGCAGGATG,GCAGGAGAGCAGGATG000000000
870,ATCGGAGAGAGAGTGCATG,ATCGGAGAGAGAGTGCATG000000
871,GCAGGAGGCAGGTTTCACGATG,GCAGGAGGCAGGTTTCACGATG000
872,GACGGAGGGATACGCGATG,GACGGAGGGATACGCGATG000000
873,ATGGGAGGCGAATGATG,ATGGGAGGCGAATGATG00000000
874,GGAGGAGACGGACCATG,GGAGGAGACGGACCATG00000000
875,AGGGGAGGAAGCACGATCATG,AGGGGAGGAAGCACGATCATG0000
876,AGAGGAACGCCGATG,AGAGGAACGCCGATG0000000000
877,ACAGGACACCTGACATG,ACAGGACACCTGACATG00000000
878,GAAGGAGGGAGTTGAATG,GAAGGAGGGAGTTGAATG0000000
879,CGAGGAAGGAGCCGCCATG,CGAGGAAGGAGCCGCCATG000000
880,ACAGGTGACCGCCATG,ACAGGTGACCGCCATG000000000
881,AAAGGAGTTGCCAATG,AAAGGAGTTGCCAATG000000000
882,GGAGGAGAAAAAACTCTTG,GGAGGAGAAAAAACTCTTG000000
883,AAAGGAGCAGGTTCATG,AAAGGAGCAGGTTCATG00000000
884,GACGGAGAGCCGCGGAATG,GACGGAGAGCCGCGGAATG000000
885,GCAGGACATCCGCCATG,GCAGGACATCCGCCATG00000000
886,AAGGGAAGGAACGATG,AAGGGAAGGAACGATG000000000
887,CAAGGTGAGGTCCATGACATG,CAAGGTGAGGTCCATGACATG0000
888,CAAGGAGAACGCCGCATG,CAAGGAGAACGCCGCATG0000000
889,ACCGGAGTAAAGAGGCTGCGATG,ACCGGAGTAAAGAGGCTGCGATG00
890,AACGGAGTATGAGGCAGAAATTG,AACGGAGTATGAGGCAGAAATTG00
891,TGAGGAGAAGCGATG,TGAGGAGAAGCGATG0000000000
892,AAGGGAGGAAACATG,AAGGGAGGAAACATG0000000000
893,TAAGGACAAAGCGACATG,TAAGGACAAAGCGACATG0000000
894,CAAGGATGGTGAGCGATG,CAAGGATGGTGAGCGATG0000000
895,ACCGGAGGAAGCCAACCCATG,ACCGGAGGAAGCCAACCCATG0000
896,TAGGGAGGGAACGCGCGAAATG,TAGGGAGGGAACGCGCGAAATG000
897,AGCGGAAGATCTCGATG,AGCGGAAGATCTCGATG00000000
898,CAAGGAGAGACGCATG,CAAGGAGAGACGCATG000000000
899,AAGGGAGAGCCAGATG,AAGGGAGAGCCAGATG000000000
900,CAGGGAGTTGCGCGATG,CAGGGAGTTGCGCGATG00000000
901,ACAGGAGAGCCATG,ACAGGAGAGCCATG00000000000
902,AAAGGAAGGCCATGTGATG,AAAGGAAGGCCATGTGATG000000
903,GGCGGAGTGGACAGATG,GGCGGAGTGGACAGATG00000000
904,GGCGGAGGCTGGGGAATTG,GGCGGAGGCTGGGGAATTG000000
905,CGAGGAGGAAAGGCGTTATG,CGAGGAGGAAAGGCGTTATG00000
906,TGGGGAAAGACTTTGGCATG,TGGGGAAAGACTTTGGCATG00000
907,AGCGGACAGGCTGAGCCATG,AGCGGACAGGCTGAGCCATG00000
908,GAAGGAGGCTTGAAGTG,GAAGGAGGCTTGAAGTG00000000
909,AGGGGAACGCCGGATGTG,AGGGGAACGCCGGATGTG0000000
910,AGAGGAGTGGCGGCGCTGATG,AGAGGAGTGGCGGCGCTGATG0000
911,GAGGGACGGGGCGAATG,GAGGGACGGGGCGAATG00000000
912,GCAGGAGGCGGCAGATG,GCAGGAGGCGGCAGATG00000000
913,CGGGGAATGATCCGCATG,CGGGGAATGATCCGCATG0000000
914,AAGGGAAACAAACTCATG,AAGGGAAACAAACTCATG0000000
915,CAAGGAGTAGGAATG,CAAGGAGTAGGAATG0000000000
916,AAAGGACAGGCCATG,AAAGGACAGGCCATG0000000000
917,AGCGGAGAGAGAATGTCCATG,AGCGGAGAGAGAATGTCCATG0000
918,CAAGGAGCGGCAGCGCATG,CAAGGAGCGGCAGCGCATG000000
919,ACGGGAGCTCGCCATG,ACGGGAGCTCGCCATG000000000
920,GAGGGAGAACGACTGATG,GAGGGAGAACGACTGATG0000000
921,TGAGGAGAAGGAACCAGGATCATG,TGAGGAGAAGGAACCAGGATCATG0
922,TCAGGAGAGGCGCAGCGTG,TCAGGAGAGGCGCAGCGTG000000
923,TCAGGAATGAATAGCCAGCCATG,TCAGGAATGAATAGCCAGCCATG00
924,AAAGGACCTTCACGTG,AAAGGACCTTCACGTG000000000
925,AGCGGAGGAGACGGCATG,AGCGGAGGAGACGGCATG0000000
926,GAAGGAGCAAGATG,GAAGGAGCAAGATG00000000000
927,CAGGGTGATGAGCGTG,CAGGGTGATGAGCGTG000000000
928,GCCGGAGAGAACGCATGATG,GCCGGAGAGAACGCATGATG00000
929,TCGGGAAATATGGTCATG,TCGGGAAATATGGTCATG0000000
930,GCAGGAGATGAGCCGATG,GCAGGAGATGAGCCGATG0000000
931,ACGGGAGACGAAGCGATG,ACGGGAGACGAAGCGATG0000000
932,ACAGGAGGGCTCTGCTTG,ACAGGAGGGCTCTGCTTG0000000
933,GCAGGAGGAATGACGATG,GCAGGAGGAATGACGATG0000000
934,CGAGGAGGATGGCGCATG,CGAGGAGGATGGCGCATG0000000
935,GGCGGAAAGGCCAGGATG,GGCGGAAAGGCCAGGATG0000000
936,CAAGGAGTAAAACCATG,CAAGGAGTAAAACCATG00000000
937,AAGGGACGGGATATG,AAGGGACGGGATATG0000000000
938,GAAGGAGGGAAGCCATG,GAAGGAGGGAAGCCATG00000000
939,AACGGAATAGCCCAATG,AACGGAATAGCCCAATG00000000
940,AAGGGAAAGGCTAGGACATG,AAGGGAAAGGCTAGGACATG00000
941,AAAGGAAGAGAGCCCCATG,AAAGGAAGAGAGCCCCATG000000
942,GAGGGATGGAAGGGGACGCATG,GAGGGATGGAAGGGGACGCATG000
943,GAAGGAGAGCCCGAGCATG,GAAGGAGAGCCCGAGCATG000000
944,AGGGGAGGGAGGTCGTGCAATG,AGGGGAGGGAGGTCGTGCAATG000
945,AAAGGAAAACGAAAGTATG,AAAGGAAAACGAAAGTATG000000
946,CAAGGAGGGCGGCCGATG,CAAGGAGGGCGGCCGATG0000000
947,GAAGGAGAGCGTGATG,GAAGGAGAGCGTGATG000000000
948,GCGGGACGTTCCAGGTG,GCGGGACGTTCCAGGTG00000000
949,GAGGGAGGAACCGCGACGATG,GAGGGAGGAACCGCGACGATG0000
950,CGAGGAGGAAGATG,CGAGGAGGAAGATG00000000000
951,GAAGGAAGATTTCACATG,GAAGGAAGATTTCACATG0000000
952,CAGGGAGGGCTTCCCATG,CAGGGAGGGCTTCCCATG0000000
953,GCAGGATAAGAGCAGATG,GCAGGATAAGAGCAGATG0000000
954,AAGGGAAGAGCCCATG,AAGGGAAGAGCCCATG000000000
955,TGGGGAGAGACAATCGAATG,TGGGGAGAGACAATCGAATG00000
956,TGAGGAGCCATCGCATG,TGAGGAGCCATCGCATG00000000
957,CGAGGAAGGGGTGCATG,CGAGGAAGGGGTGCATG00000000
958,GACGGAAAGCATCTGCCATG,GACGGAAAGCATCTGCCATG00000
959,CCGGGAAAAAGACCGATG,CCGGGAAAAAGACCGATG0000000
960,CGAGGAGGAACGCCATG,CGAGGAGGAACGCCATG00000000
961,CAAGGAGGGGACATG,CAAGGAGGGGACATG0000000000
962,CAAGGAAAGCGCCATG,CAAGGAAAGCGCCATG000000000
963,CAAGGAGAGAAAAGAGTGTCATG,CAAGGAGAGAAAAGAGTGTCATG00
964,AAAGGACGAAGACGATG,AAAGGACGAAGACGATG00000000
965,ACAGGAATAATCCATG,ACAGGAATAATCCATG000000000
966,CAAGGAGTACCCCATG,CAAGGAGTACCCCATG000000000
967,GAAGGAGGAGCCGGCATG,GAAGGAGGAGCCGGCATG0000000
968,CGAGGAGATATCGCGCCATG,CGAGGAGATATCGCGCCATG00000
969,AAAGGAGGCCGACATG,AAAGGAGGCCGACATG000000000
970,AAAGGAATGCGACGATG,AAAGGAATGCGACGATG00000000
971,AGGGGATAAAGGCGAATGGGGATG,AGGGGATAAAGGCGAATGGGGATG0
972,GCAGGAAGTGGAAACGACATG,GCAGGAAGTGGAAACGACATG0000
973,GACGGAAAAGCCCATG,GACGGAAAAGCCCATG000000000
974,ACAGGAAAAACGGCATG,ACAGGAAAAACGGCATG00000000
975,ACGGGAGAAGCCATG,ACGGGAGAAGCCATG0000000000
976,GAAGGAGACCAGGGAATG,GAAGGAGACCAGGGAATG0000000
977,GAGGGAAGGGTGCCGATG,GAGGGAAGGGTGCCGATG0000000
978,GCAGGAACGACGAGGAATG,GCAGGAACGACGAGGAATG000000
979,AAGGGACCAGACGGTATAATG,AAGGGACCAGACGGTATAATG0000
980,CCGGGAGCGACGGCATG,CCGGGAGCGACGGCATG00000000
981,GCCGGAGGGTCGAGTGATG,GCCGGAGGGTCGAGTGATG000000
982,ACCGGAGAGGCCGGCTGATG,ACCGGAGAGGCCGGCTGATG00000
983,ACAGGAGGCCCAACCCAGTG,ACAGGAGGCCCAACCCAGTG00000
984,ACAGGAGGGCACCCATG,ACAGGAGGGCACCCATG00000000
985,GAAGGAACTTAAGGAAGTAGACATG,GAAGGAACTTAAGGAAGTAGACATG
986,ACGGGAGTGGAGAGATG,ACGGGAGTGGAGAGATG00000000
987,TGAGGAGGCTTCTGATG,TGAGGAGGCTTCTGATG00000000
988,CCCGGAAGGAATCGACGCAATATG,CCCGGAAGGAATCGACGCAATATG0
989,GGAGGAGAAGCGGATG,GGAGGAGAAGCGGATG000000000
990,CGAGGAGGACGACAATG,CGAGGAGGACGACAATG00000000
991,GAGGGAGGTAGCCAGATG,GAGGGAGGTAGCCAGATG0000000
992,CAAGGAGGGCGGGGCAGAATG,CAAGGAGGGCGGGGCAGAATG0000
993,AGCGGAGGGGGCGATCATG,AGCGGAGGGGGCGATCATG000000
994,ACAGGAAACAATACGAATG,ACAGGAAACAATACGAATG000000
995,GAGGGACCAGGGGATGTG,GAGGGACCAGGGGATGTG0000000
996,GGGGGAGCAATCCGATG,GGGGGAGCAATCCGATG00000000
997,GCAGGAGAGGGACTTGATG,GCAGGAGAGGGACTTGATG000000
998,AGCGGAAGTAGCCATG,AGCGGAAGTAGCCATG000000000
999,GGGGGAGGAAGCCGCCGATG,GGGGGAGGAAGCCGCCGATG00000
1000,ACGGGACGCAAGACCAATG,ACGGGACGCAAGACCAATG000000
1001,CCTGGAGAGGCAGGGGTG,CCTGGAGAGGCAGGGGTG0000000
1002,AAAGGTGCGATGAGATG,AAAGGTGCGATGAGATG00000000
1003,AAGGGATGATGAGCGATG,AAGGGATGATGAGCGATG0000000
1004,TATGGAGAGAACCGGAAATG,TATGGAGAGAACCGGAAATG00000
1005,CCCGGAGGGCTCATG,CCCGGAGGGCTCATG0000000000
1006,AAAGGAGCAAATGAGATG,AAAGGAGCAAATGAGATG0000000
1007,CCGGGACGAGTCAAGGCATG,CCGGGACGAGTCAAGGCATG00000
1008,AAAGGAGAATGCCATGATG,AAAGGAGAATGCCATGATG000000
1009,AAAGGAGAGACATGTTCAGATG,AAAGGAGAGACATGTTCAGATG000
1010,GACGGAGGAAGCGGCCATG,GACGGAGGAAGCGGCCATG000000
1011,AAAGGAGGGTTCCTCATG,AAAGGAGGGTTCCTCATG0000000
1012,TGAGGAGAGCAGGATG,TGAGGAGAGCAGGATG000000000
1013,GACGGAGAGAGGCGGAATG,GACGGAGAGAGGCGGAATG000000
1014,TCGGGAGCTGAGGCCACATG,TCGGGAGCTGAGGCCACATG00000
1015,AAAGGACTCCCCATG,AAAGGACTCCCCATG0000000000
1016,CCCGGAAGGAACACATG,CCCGGAAGGAACACATG00000000
1017,GCTGGAGAAGACCCGCAAATG,GCTGGAGAAGACCCGCAAATG0000
1018,TGGGGAAAAAACGCATG,TGGGGAAAAAACGCATG00000000
1019,TGGGGAAGATTATG,TGGGGAAGATTATG00000000000
1020,ACGGGAAAAAGCCATG,ACGGGAAAAAGCCATG000000000
1021,GCAGGAGCCGCCATTCATG,GCAGGAGCCGCCATTCATG000000
1022,TCAGGAGAAGAGACATG,TCAGGAGAAGAGACATG00000000
1023,AAAGGACACCCCGATG,AAAGGACACCCCGATG000000000
1024,AAGGGAAAGCGACGTG,AAGGGAAAGCGACGTG000000000
1025,GCCGGAGGGGGGGCGGGGCATG,GCCGGAGGGGGGGCGGGGCATG000
1026,CGGGGAAAGACGGAATG,CGGGGAAAGACGGAATG00000000
1027,AGAGGACCGCTCAGATG,AGAGGACCGCTCAGATG00000000
1028,AAAGGATGATCGGCCGTG,AAAGGATGATCGGCCGTG0000000
1029,GCGGGAGGAGTATCATG,GCGGGAGGAGTATCATG00000000
1030,TGAGGAAGGGGCGGCATG,TGAGGAAGGGGCGGCATG0000000
1031,AAGGGAGCACCGTCCATG,AAGGGAGCACCGTCCATG0000000
1032,GCTGGAGAGGGAACTGATG,GCTGGAGAGGGAACTGATG000000
1033,CGAGGAGAGACCCGGCATG,CGAGGAGAGACCCGGCATG000000
1034,GGAGGACGGCCCAATG,GGAGGACGGCCCAATG000000000
1035,ACGGGAGGGGCTCGAAATG,ACGGGAGGGGCTCGAAATG000000
1036,ACCGGAGGGAGCCTGACAATG,ACCGGAGGGAGCCTGACAATG0000
1037,CAGGGAGAGATCATG,CAGGGAGAGATCATG0000000000
1038,CATGGAGACGAGCCATG,CATGGAGACGAGCCATG00000000
1039,AGGGGAACGAATCGCGACAGATG,AGGGGAACGAATCGCGACAGATG00
1040,CGAGGAGCCAAACGAGATG,CGAGGAGCCAAACGAGATG000000
1041,GCAGGAGGGCCGAATGATG,GCAGGAGGGCCGAATGATG000000
1042,AAAGGAGGGGCGTCATG,AAAGGAGGGGCGTCATG00000000
1043,GAAGGAGTCACAATG,GAAGGAGTCACAATG0000000000
1044,GCAGGAGCGTCCGTCATG,GCAGGAGCGTCCGTCATG0000000
1045,CACGGAGGGAAGAACCATG,CACGGAGGGAAGAACCATG000000
1046,CAAGGACTCGCGACGTG,CAAGGACTCGCGACGTG00000000
1047,GATGGAGGATCGCAATG,GATGGAGGATCGCAATG00000000
1048,ACGGGAGGTCCACGCATG,ACGGGAGGTCCACGCATG0000000
1049,GAAGGAGGCAGGCCGATG,GAAGGAGGCAGGCCGATG0000000
1050,TCAGGACGGGCACCATG,TCAGGACGGGCACCATG00000000
1051,AAAGGAGCGAGAACGAGCAATGATG,AAAGGAGCGAGAACGAGCAATGATG
1052,CGGGGACAAGGGACGGATG,CGGGGACAAGGGACGGATG000000
1053,ACGGGAGACGCGGCATG,ACGGGAGACGCGGCATG00000000
1054,GAAGGAAAAACCATG,GAAGGAAAAACCATG0000000000
1055,GCTGGAGGGCATCATG,GCTGGAGGGCATCATG000000000
1056,AAGGGAAAATGACCATG,AAGGGAAAATGACCATG00000000
1057,GCAGGAGGAGGGGACGGCATG,GCAGGAGGAGGGGACGGCATG0000
1058,AAAGGAACTGGAATG,AAAGGAACTGGAATG0000000000
1059,CAGGGAGGAGCCGATG,CAGGGAGGAGCCGATG000000000
1060,CAAGGATGAGACATG,CAAGGATGAGACATG0000000000
1061,GAAGGACAGTCATTCATG,GAAGGACAGTCATTCATG0000000
1062,CGGGGAGGAGGCGCGATG,CGGGGAGGAGGCGCGATG0000000
1063,GGAGGAGTAGAATG,GGAGGAGTAGAATG00000000000
1064,ACGGGACTGAGCAGGAATG,ACGGGACTGAGCAGGAATG000000
1065,AGAGGACACAGCCCGATG,AGAGGACACAGCCCGATG0000000
1066,CAAGGAGAAAGACCATG,CAAGGAGAAAGACCATG00000000
1067,CGAGGAGGGGCGGGTG,CGAGGAGGGGCGGGTG000000000
1068,CCAGGACGCCGACCATG,CCAGGACGCCGACCATG00000000
1069,AAGGGAATTAGGGCGGTG,AAGGGAATTAGGGCGGTG0000000
1070,GCAGGAGTGGCCGTCTGATG,GCAGGAGTGGCCGTCTGATG00000
1071,TGAGGAAATGTTAGTATG,TGAGGAAATGTTAGTATG0000000
1072,GGGGGAAAGCGCCATG,GGGGGAAAGCGCCATG000000000
1073,GCCGGAGGAGGCGATG,GCCGGAGGAGGCGATG000000000
1074,GGGGGACATGACCATG,GGGGGACATGACCATG000000000
1075,AAGGGACAAGCCACATG,AAGGGACAAGCCACATG00000000
1076,AAGGGAAGACGCCATG,AAGGGAAGACGCCATG000000000
1077,AAGGGAGGAAGACATG,AAGGGAGGAAGACATG000000000
1078,CGAGGAAACCGGAATG,CGAGGAAACCGGAATG000000000
1079,AGGGGAAAATCGAGATG,AGGGGAAAATCGAGATG00000000
1080,ACAGGAGGAATAGACGATG,ACAGGAGGAATAGACGATG000000
1081,CAGGGAGAGAAGAAAGATG,CAGGGAGAGAAGAAAGATG000000
1082,CAAGGAATGCGAGCATG,CAAGGAATGCGAGCATG00000000
1083,AGGGGAAAAAGAAAATG,AGGGGAAAAAGAAAATG00000000
1084,GAAGGAAAAGCCCATG,GAAGGAAAAGCCCATG000000000
1085,GCAGGAGTGGGGAAGCCCATG,GCAGGAGTGGGGAAGCCCATG0000
1086,GCAGGAGTGGAAGATG,GCAGGAGTGGAAGATG000000000
1087,GCGGGAGGAGGCTTTGGAATG,GCGGGAGGAGGCTTTGGAATG0000
1088,CAAGGATCACCACGCCATG,CAAGGATCACCACGCCATG000000
1089,GAAGGAGACCAATCATG,GAAGGAGACCAATCATG00000000
1090,GCTGGAGAAGGCCGATG,GCTGGAGAAGGCCGATG00000000
1091,CAAGGAGCTGCCGCCCGTG,CAAGGAGCTGCCGCCCGTG000000
1092,GAGGGAGGGCCCGATG,GAGGGAGGGCCCGATG000000000
1093,GCAGGAGCAAAGCCATG,GCAGGAGCAAAGCCATG00000000
1094,GAAGGAAAAGTAAAATG,GAAGGAAAAGTAAAATG00000000
1095,AACGGAGCCCACGCGATG,AACGGAGCCCACGCGATG0000000
1096,GGAGGAGCCAGGCGGGTCGCGATG,GGAGGAGCCAGGCGGGTCGCGATG0
1097,GCAGGAAAACATGATG,GCAGGAAAACATGATG000000000
1098,AACGGATAATCCTGCGATG,AACGGATAATCCTGCGATG000000
1099,CGAGGAAGGAAAGATCATG,CGAGGAAGGAAAGATCATG000000
1100,GGCGGAGTGCCCCGATG,GGCGGAGTGCCCCGATG00000000
1101,GCAGGAAAGCGGTCCATG,GCAGGAAAGCGGTCCATG0000000
1102,CGAGGAGGGGAAAGCTCGGATG,CGAGGAGGGGAAAGCTCGGATG000
1103,AAGGGAGGAGCAAGGACATG,AAGGGAGGAGCAAGGACATG00000
1104,AAGGGAAAACCCCGCGCCATG,AAGGGAAAACCCCGCGCCATG0000
1105,ACAGGAGAAGCGCGCATG,ACAGGAGAAGCGCGCATG0000000
1106,ACGGGACGGTCTGAGCCATG,ACGGGACGGTCTGAGCCATG00000
1107,GAAGGATGAGCCGCGATG,GAAGGATGAGCCGCGATG0000000
1108,GAGGGACAAGCTCCGACATG,GAGGGACAAGCTCCGACATG00000
1109,CAAGGAGCGGCGCCATG,CAAGGAGCGGCGCCATG00000000
1110,GGAGGAGAAAATTGAATG,GGAGGAGAAAATTGAATG0000000
1111,GGAGGAGAACCATG,GGAGGAGAACCATG00000000000
1112,CAGGGATAAGGGCAGGGATCATG,CAGGGATAAGGGCAGGGATCATG00
1113,TGAGGAGCACGAATTCATG,TGAGGAGCACGAATTCATG000000
1114,CAAGGAGTGCGCTATG,CAAGGAGTGCGCTATG000000000
1115,CGGGGAGGGCACCGATG,CGGGGAGGGCACCGATG00000000
1116,ACAGGAGAAGACCTGCCATG,ACAGGAGAAGACCTGCCATG00000
1117,GGGGGAGGCACGATG,GGGGGAGGCACGATG0000000000
1118,GAGGGACGAACAGCCATG,GAGGGACGAACAGCCATG0000000
1119,TCAGGAGGTCTTGCCATG,TCAGGAGGTCTTGCCATG0000000
1120,AAAGGACGAGCGCATG,AAAGGACGAGCGCATG000000000
1121,GCAGGAGGTCCCATG,GCAGGAGGTCCCATG0000000000
1122,CACGGAGGGACGGGATG,CACGGAGGGACGGGATG00000000
1123,CAAGGACAAGAGAGAAGATG,CAAGGACAAGAGAGAAGATG00000
1124,GCAGGAGGGCCACCATG,GCAGGAGGGCCACCATG00000000
1125,GGAGGAAAGCCATG,GGAGGAAAGCCATG00000000000
1126,AAAGGAGGATGCCGATG,AAAGGAGGATGCCGATG00000000
1127,CCAGGAGGTGACGGATG,CCAGGAGGTGACGGATG00000000
1128,ACAGGAGAGCAGGGGAAATG,ACAGGAGAGCAGGGGAAATG00000
1129,GCAGGAGACAATCCATG,GCAGGAGACAATCCATG00000000
1130,AGGGGAAAAAGACGTG,AGGGGAAAAAGACGTG000000000
1131,AAAGGAGTACAATGATG,AAAGGAGTACAATGATG00000000
1132,GGAGGACATTGAAAGATG,GGAGGACATTGAAAGATG0000000
1133,AAAGGACGAGAGCAGGAAGCAGATG,AAAGGACGAGAGCAGGAAGCAGATG
1134,CATGGAGGGGACCAGGACGATG,CATGGAGGGGACCAGGACGATG000
1135,AAGGGAAAAGTATAGTATG,AAGGGAAAAGTATAGTATG000000
1136,GAAGGAGGCGCCATG,GAAGGAGGCGCCATG0000000000
1137,AAAGGAGTAAATCGTG,AAAGGAGTAAATCGTG000000000
1138,GAAGGAGCATGCCCATG,GAAGGAGCATGCCCATG00000000
1139,CGAGGACGGCCGCCGAGTG,CGAGGACGGCCGCCGAGTG000000
1140,ACCGGAGGCCGGACATG,ACCGGAGGCCGGACATG00000000
1141,GAAGGAGGAGGGGCGATG,GAAGGAGGAGGGGCGATG0000000
1142,AGGGGATGATCGCGCCATG,AGGGGATGATCGCGCCATG000000
1143,CCGGGTGACCTTGGACGAGCCATG,CCGGGTGACCTTGGACGAGCCATG0
1144,GAAGGTGGAAGTGTTTCCGGCCATG,GAAGGTGGAAGTGTTTCCGGCCATG
1145,GCCGGAAGTGAACTGCATG,GCCGGAAGTGAACTGCATG000000
1146,AAAGGAACACCTGACATG,AAAGGAACACCTGACATG0000000
1147,AAGGGAGGAATCGCATCCATCATG,AAGGGAGGAATCGCATCCATCATG0
1148,AGGGGAGGGCGTCATG,AGGGGAGGGCGTCATG000000000
1149,AAAGGAACAGAGAGGCGGCGATG,AAAGGAACAGAGAGGCGGCGATG00
1150,ACAGGAGAGATCCATG,ACAGGAGAGATCCATG000000000
1151,AGAGGAGAGACCCGAACCATTG,AGAGGAGAGACCCGAACCATTG000
1152,AGGGGAATGAGGGACAATG,AGGGGAATGAGGGACAATG000000
1153,AAGGGAGGGGCAGGGGTG,AAGGGAGGGGCAGGGGTG0000000
1154,ACAGGAGGGGGCAATG,ACAGGAGGGGGCAATG000000000
1155,AGAGGTGACGGCAGCTATG,AGAGGTGACGGCAGCTATG000000
1156,ACAGGACGCCTCGATG,ACAGGACGCCTCGATG000000000
1157,AGAGGAGAACATCATG,AGAGGAGAACATCATG000000000
1158,TGAGGACAGAGCGGGCATG,TGAGGACAGAGCGGGCATG000000
1159,AAGGGAGGTCGGCGTG,AAGGGAGGTCGGCGTG000000000
1160,AGAGGAGGGGTGTCGATG,AGAGGAGGGGTGTCGATG0000000
1161,AGCGGAGAATAACGCGGTGATG,AGCGGAGAATAACGCGGTGATG000
1162,GACGGAGAGAACAGATG,GACGGAGAGAACAGATG00000000
1163,CCGGGACGAGGCCATGGCATG,CCGGGACGAGGCCATGGCATG0000
1164,CGAGGACAGATGCGATG,CGAGGACAGATGCGATG00000000
1165,AGGGGAGGGGAGCAGATCATG,AGGGGAGGGGAGCAGATCATG0000
1166,ACGGGAGGGTGCTGTGATG,ACGGGAGGGTGCTGTGATG000000
1167,CGGGGAACCACCAGTG,CGGGGAACCACCAGTG000000000
1168,GCAGGAGGTTCCGCATG,GCAGGAGGTTCCGCATG00000000
1169,AACGGAGAGAGTAAATG,AACGGAGAGAGTAAATG00000000
1170,CAAGGAGCAGGATTTTCGCGATG,CAAGGAGCAGGATTTTCGCGATG00
1171,TCAGGAAAGAGGATG,TCAGGAAAGAGGATG0000000000
1172,ACAGGTGGCGACGACATG,ACAGGTGGCGACGACATG0000000
1173,CGAGGAGAGCCGATG,CGAGGAGAGCCGATG0000000000
1174,ACAGGAGAATCCTGGATG,ACAGGAGAATCCTGGATG0000000
1175,AAGGGAAGGCCGATG,AAGGGAAGGCCGATG0000000000
1176,TGAGGAAAGAATGGGCATG,TGAGGAAAGAATGGGCATG000000
1177,CCCGGAGGGGTCGAGGCATG,CCCGGAGGGGTCGAGGCATG00000
1178,GAGGGACAGCCTGACATG,GAGGGACAGCCTGACATG0000000
1179,ATGGGAGGCAGCAGAATG,ATGGGAGGCAGCAGAATG0000000
1180,GCCGGAGAGAACGAATG,GCCGGAGAGAACGAATG00000000
1181,GACGGAGGGGGGCCTGATCCATG,GACGGAGGGGGGCCTGATCCATG00
1182,AAGGGAAAGAAATCATG,AAGGGAAAGAAATCATG00000000
1183,CGAGGATGCGGGTGTGATG,CGAGGATGCGGGTGTGATG000000
1184,CAGGGATGAGGGAAAGCATG,CAGGGATGAGGGAAAGCATG00000
1185,AAAGGAACAACGATG,AAAGGAACAACGATG0000000000
1186,AAAGGACCTTAAGGTGAATG,AAAGGACCTTAAGGTGAATG00000
1187,CAAGGAGAAACTCACCATG,CAAGGAGAAACTCACCATG000000
1188,CCCGGAGATATTATCCTATG,CCCGGAGATATTATCCTATG00000
1189,CAAGGACGAGGAACGCGCTCATG,CAAGGACGAGGAACGCGCTCATG00
1190,AAAGGATGGGCAAGGCATG,AAAGGATGGGCAAGGCATG000000
1191,CGAGGAAGTTGAAATCGTCATG,CGAGGAAGTTGAAATCGTCATG000
1192,CGGGGAGGACGACCATG,CGGGGAGGACGACCATG00000000
1193,GCAGGAGGGCCCCCTTCATG,GCAGGAGGGCCCCCTTCATG00000
1194,AACGGAGAGGGATCGGCCATG,AACGGAGAGGGATCGGCCATG0000
1195,CAGGGAGGGGCACGAAATG,CAGGGAGGGGCACGAAATG000000
1196,GCAGGAGGGACATG,GCAGGAGGGACATG00000000000
1197,CAGGGAGGAAAGCATG,CAGGGAGGAAAGCATG000000000
1198,GCAGGAGAGCCGCGATG,GCAGGAGAGCCGCGATG00000000
1199,AGCGGAGGGTCAGATG,AGCGGAGGGTCAGATG000000000
1200,GGAGGAGGAGGGAACTGCATG,GGAGGAGGAGGGAACTGCATG0000
1201,GGCGGAGGGCAGCATG,GGCGGAGGGCAGCATG000000000
1202,CAAGGATGCAGTAATG,CAAGGATGCAGTAATG000000000
1203,AAGGGATGGCGCACATG,AAGGGATGGCGCACATG00000000
1204,GCAGGAGGTAAGGGCGATGCAGATG,GCAGGAGGTAAGGGCGATGCAGATG
1205,ACAGGACGATGAGCATG,ACAGGACGATGAGCATG00000000
1206,AAAGGTGCAAGCGTG,AAAGGTGCAAGCGTG0000000000
1207,AAAGGAATGGGATCCAGCATG,AAAGGAATGGGATCCAGCATG0000
1208,GCGGGACAGAAACCATG,GCGGGACAGAAACCATG00000000
1209,GAAGGAGAACAGCCATG,GAAGGAGAACAGCCATG00000000
1210,AAAGGAGATGGAACCATG,AAAGGAGATGGAACCATG0000000
1211,TCTGGAGGCCGAGATG,TCTGGAGGCCGAGATG000000000
1212,GCAGGAGGAAACGATG,GCAGGAGGAAACGATG000000000
1213,GACGGAGGGCAGCGCGCATG,GACGGAGGGCAGCGCGCATG00000
1214,CAAGGTGAGGGACGCATG,CAAGGTGAGGGACGCATG0000000
1215,AGAGGAGCCCCGCGACATG,AGAGGAGCCCCGCGACATG000000
1216,GCTGGAGGGAAACGACGATG,GCTGGAGGGAAACGACGATG00000
1217,CCGGGAGGTGACCGGCCGGAATG,CCGGGAGGTGACCGGCCGGAATG00
1218,AAAGGTCACCAGGTCGCCATG,AAAGGTCACCAGGTCGCCATG0000
1219,CGAGGAGGAAACCAGATG,CGAGGAGGAAACCAGATG0000000
1220,CCAGGAGTATTGCCGCATG,CCAGGAGTATTGCCGCATG000000
1221,ACAGGACGAGAAAATG,ACAGGACGAGAAAATG000000000
1222,TGAGGAATAGACATG,TGAGGAATAGACATG0000000000
1223,GCTGGAGGGACTGGAATG,GCTGGAGGGACTGGAATG0000000
1224,AAAGGAGAACAGCCACATG,AAAGGAGAACAGCCACATG000000
1225,GGCGGAGTTGGTTTAGGGCGGATG,GGCGGAGTTGGTTTAGGGCGGATG0
1226,AAAGGAAAACGCGCGATG,AAAGGAAAACGCGCGATG0000000
1227,GCTGGAGTAGGACGCGATG,GCTGGAGTAGGACGCGATG000000
1228,CAAGGATTACGCGGGCATG,CAAGGATTACGCGGGCATG000000
1229,ACAGGAAAGGGCTGATG,ACAGGAAAGGGCTGATG00000000
1230,AAAGGAAAAGGTGATCCGATG,AAAGGAAAAGGTGATCCGATG0000
1231,ACAGGAGGTGAATG,ACAGGAGGTGAATG00000000000
1232,CCCGGAGTGACGATG,CCCGGAGTGACGATG0000000000
1233,CAGGGAGAGCAGCATG,CAGGGAGAGCAGCATG000000000
1234,CCGGGACATCTCCCATG,CCGGGACATCTCCCATG00000000
1235,GATGGAGGCCAGCCATG,GATGGAGGCCAGCCATG00000000
1236,CGTGGAGGTCTTGCATG,CGTGGAGGTCTTGCATG00000000
1237,AAAGGAGAGGCTGAGCGGTG,AAAGGAGAGGCTGAGCGGTG00000
1238,AGAGGAGAGGGCCGATG,AGAGGAGAGGGCCGATG00000000
1239,CCAGGAAAAAGAGGCGCCAATG,CCAGGAAAAAGAGGCGCCAATG000
1240,AAAGGAACGCAGGCATG,AAAGGAACGCAGGCATG00000000
1241,CGGGGAATGGACCCATG,CGGGGAATGGACCCATG00000000
1242,AAAGGAGCGGCGTGATG,AAAGGAGCGGCGTGATG00000000
1243,CACGGAGGAACGGACAATATG,CACGGAGGAACGGACAATATG0000
1244,CACGGAAGGGATCGCCATG,CACGGAAGGGATCGCCATG000000
1245,GAGGGAGAATCCTGATG,GAGGGAGAATCCTGATG00000000
1246,AACGGACACAGATG,AACGGACACAGATG00000000000
1247,GCGGGAGAGACCATG,GCGGGAGAGACCATG0000000000
1248,AATGGAGTGGCCAGATG,AATGGAGTGGCCAGATG00000000
1249,ACAGGAGGCCCATG,ACAGGAGGCCCATG00000000000
1250,CACGGAAGGCGCATCATG,CACGGAAGGCGCATCATG0000000
1251,TAGGGAGGGCGATG,TAGGGAGGGCGATG00000000000
1252,GCAGGAGGAGGTATCGTG,GCAGGAGGAGGTATCGTG0000000
1253,GAAGGAAAATACAATG,GAAGGAAAATACAATG000000000
1254,GGCGGAGGTTCATCGCATG,GGCGGAGGTTCATCGCATG000000
1255,GAAGGAGCGGACATGGATG,GAAGGAGCGGACATGGATG000000
1256,GAAGGTGGCCCGCCTGTG,GAAGGTGGCCCGCCTGTG0000000
1257,CAGGGAGGACGCCATG,CAGGGAGGACGCCATG000000000
1258,AAAGGAGCGCCAAGATG,AAAGGAGCGCCAAGATG00000000
1259,GATGGAGGAGGCGCGATG,GATGGAGGAGGCGCGATG0000000
1260,ACAGGAGGACGGAATG,ACAGGAGGACGGAATG000000000
1261,AAAGGAAACGGTGAGATG,AAAGGAAACGGTGAGATG0000000
1262,TCGGGACAGACCATG,TCGGGACAGACCATG0000000000
1263,ACAGGACAAAAATCCATG,ACAGGACAAAAATCCATG0000000
1264,CAAGGATAAGCCTGTTCGATG,CAAGGATAAGCCTGTTCGATG0000
1265,CGGGGAAGGCCAGCATG,CGGGGAAGGCCAGCATG00000000
1266,CGAGGAAAGACCCGCCCGGTG,CGAGGAAAGACCCGCCCGGTG0000
1267,AATGGAGTGTGACAACCACATG,AATGGAGTGTGACAACCACATG000
1268,CAAGGAAGGTAGAAGTCATG,CAAGGAAGGTAGAAGTCATG00000
1269,GGGGGAAAGAGTTGCCGATG,GGGGGAAAGAGTTGCCGATG00000
1270,CAAGGAAGAGGCGGCGGAATG,CAAGGAAGAGGCGGCGGAATG0000
1271,CAAGGATAAAGGCAGGGCCATG,CAAGGATAAAGGCAGGGCCATG000
1272,TGCGGAGGGCCACCATG,TGCGGAGGGCCACCATG00000000
1273,GGAGGAGGAGCAGTATG,GGAGGAGGAGCAGTATG00000000
1274,AGAGGACAAGGGCGTGAGATG,AGAGGACAAGGGCGTGAGATG0000
1275,GAAGGAACGCAGCGATG,GAAGGAACGCAGCGATG00000000
1276,GGAGGACTTCGCGCATG,GGAGGACTTCGCGCATG00000000
1277,GCCGGAGGAAAACTATG,GCCGGAGGAAAACTATG00000000
1278,AAAGGAAAAGGGGCAGGACATG,AAAGGAAAAGGGGCAGGACATG000
1279,GATGGAAGAGAAAGATG,GATGGAAGAGAAAGATG00000000
1280,CGAGGAAACGGGCATG,CGAGGAAACGGGCATG000000000
1281,AAAGGAATGCCCGGCAATGATG,AAAGGAATGCCCGGCAATGATG000
1282,TCAGGAGGGAAACCGCATG,TCAGGAGGGAAACCGCATG000000
1283,AAGGGAAAGCCTGAGTCCCATG,AAGGGAAAGCCTGAGTCCCATG000
1284,AAAGGACAATCGGTCTGGTGAAATG,AAAGGACAATCGGTCTGGTGAAATG
1285,CCGGGAGGAGGCAAAATG,CCGGGAGGAGGCAAAATG0000000
1286,AACGGATGGTTTGTCATATG,AACGGATGGTTTGTCATATG00000
1287,GAAGGAGTGGGTGAAGATG,GAAGGAGTGGGTGAAGATG000000
1288,CCGGGAGTCCCGCCTTG,CCGGGAGTCCCGCCTTG00000000
1289,CCTGGAGGGTGACAATG,CCTGGAGGGTGACAATG00000000
1290,GGAGGACAGGTGCATTATG,GGAGGACAGGTGCATTATG000000
1291,AATGGAGCTGAGGACGGTTTG,AATGGAGCTGAGGACGGTTTG0000
1292,ACAGGAATAGGACCATG,ACAGGAATAGGACCATG00000000
1293,CCAGGAGCAGGCCGAGCAGTG,CCAGGAGCAGGCCGAGCAGTG0000
1294,CGGGGAGAAACCTATG,CGGGGAGAAACCTATG000000000
1295,CAAGGAGAAGCACGCCATG,CAAGGAGAAGCACGCCATG000000
1296,AGGGGAAACCAGCCGATG,AGGGGAAACCAGCCGATG0000000
1297,CAAGGACAGCGTGACATG,CAAGGACAGCGTGACATG0000000
1298,CGGGGAGGGGAACCATG,CGGGGAGGGGAACCATG00000000
1299,AGTGGAGGGCACGAGAATG,AGTGGAGGGCACGAGAATG000000
1300,AAAGGAGCAGTCATTG,AAAGGAGCAGTCATTG000000000
1301,GAAGGAGGGGGTCGATG,GAAGGAGGGGGTCGATG00000000
1302,CCGGGAGAGGCCAATG,CCGGGAGAGGCCAATG000000000
1303,ACGGGATGACGACAATG,ACGGGATGACGACAATG00000000
1304,GGAGGAGGGCACCGATG,GGAGGAGGGCACCGATG00000000
1305,GCAGGAGGAGAAGATG,GCAGGAGGAGAAGATG000000000
1306,TCAGGAGGGACGACATG,TCAGGAGGGACGACATG00000000
1307,CGGGGAGGGGCACGATG,CGGGGAGGGGCACGATG00000000
1308,GAAGGAGAATCGCATGGACATG,GAAGGAGAATCGCATGGACATG000
1309,CGGGGAGGGCATATG,CGGGGAGGGCATATG0000000000
1310,AAAGGAAGATCCCATG,AAAGGAAGATCCCATG000000000
1311,AAAGGAAAAGGACGGGATCGGAATG,AAAGGAAAAGGACGGGATCGGAATG
1312,GAAGGTGGGCGCCGTG,GAAGGTGGGCGCCGTG000000000
1313,TAGGGAAAAGCCGATG,TAGGGAAAAGCCGATG000000000
1314,AAGGGAGGGGCGGGTCATG,AAGGGAGGGGCGGGTCATG000000
1315,CAAGGATTTGGAAATCACTGCATG,CAAGGATTTGGAAATCACTGCATG0
1316,GGGGGACAAGGGTCGCAGATG,GGGGGACAAGGGTCGCAGATG0000
1317,AAAGGTGCACGGGAACGCCCCATG,AAAGGTGCACGGGAACGCCCCATG0
1318,AAAGGAAAGAGGTTCCATG,AAAGGAAAGAGGTTCCATG000000
1319,TCAGGAGCAGCATCATG,TCAGGAGCAGCATCATG00000000
1320,TCGGGAGAATGACCATG,TCGGGAGAATGACCATG00000000
1321,CGAGGAGGCGCGCCCATG,CGAGGAGGCGCGCCCATG0000000
1322,GCAGGAGGAGGCGATCTGACATG,GCAGGAGGAGGCGATCTGACATG00
1323,ACAGGAGGGCCGATATG,ACAGGAGGGCCGATATG00000000
1324,ACCGGAGAAACCATG,ACCGGAGAAACCATG0000000000
1325,AGCGGAGGAGGCGGCGCGATG,AGCGGAGGAGGCGGCGCGATG0000
1326,AACGGAAATTCGTGTGATG,AACGGAAATTCGTGTGATG000000
1327,AGAGGAGGGGCAAAAATG,AGAGGAGGGGCAAAAATG0000000
1328,GACGGAGGAACCAGACATG,GACGGAGGAACCAGACATG000000
1329,CAAGGAGCGAAGGGCGCATG,CAAGGAGCGAAGGGCGCATG00000
1330,CAGGGAGTGCCGCGTGATG,CAGGGAGTGCCGCGTGATG000000
1331,AGGGGAAGAGGATATG,AGGGGAAGAGGATATG000000000
1332,TGAGGACACTGTGCCATG,TGAGGACACTGTGCCATG0000000
1333,GGAGGAGATCGCGATG,GGAGGAGATCGCGATG000000000
1334,AAGGGAGGATATCACGATG,AAGGGAGGATATCACGATG000000
